use smartwatch_db;
set foreign_key_checks = 0;

-- users
insert into users (id, full_name, email, phone_number, password, created_at, updated_at) values
('45', 'jeralee gather', 'jeralee.gather@yahoo.com', '0035559772', '*o!5w*9!*', '2024-02-20 14:00:35', '2024-02-27 09:50:32'),
('13', 'artair belch', 'artair.belch@gmail.com', '0045924889', 'l%r$%%46hp9#h*0', '2024-02-20 10:47:26', '2024-02-22 16:44:33'),
('33', 'eadmund farnell', 'eadmund.farnell@gmail.com', '0120790100', '1yw5ee%!9&nncw*!', '2024-02-20 12:47:44', '2024-02-23 00:13:55'),
('35', 'levon gerrietz', 'levon.gerrietz@hotmail.com', '0152827683', '$%u*#9q!d', '2024-02-20 12:57:46', '2024-02-20 19:04:09'),
('4', 'ignazio leveridge', 'ignazio.leveridge@yahoo.com', '0176163383', 'n!8*4yj*!*!!', '2024-02-20 10:05:16', '2024-02-24 15:23:28'),
('100', 'haskel bartles', 'haskel.bartles@aol.com', '0229687660', '**l3h*&&9*&$', '2024-02-20 19:08:00', '2024-02-27 10:42:14'),
('1', 'laurent divina', 'laurent.divina@yahoo.com', '0591897446', '86$**!*zt**#&', '2024-02-20 09:43:57', '2024-02-27 16:04:27'),
('97', 'viviana syrad', 'viviana.syrad@hotmail.com', '0727697765', '1t#&**f*9*p*', '2024-02-20 18:47:06', '2024-02-23 06:16:03'),
('17', 'wileen grombridge', 'wileen.grombridge@ymail.com', '0754393509', '*!!%s*q$#!%q*&*', '2024-02-20 11:11:27', '2024-02-27 15:17:12'),
('20', 'travers krystek', 'travers.krystek@yahoo.com', '0809438020', '%i!0n!*4*yz*a0e', '2024-02-20 11:31:24', '2024-02-21 16:46:32'),
('62', 'delores gillingham', 'delores.gillingham@hotmail.com', '0904162967', 'a*x*!&*6q3w!eig!', '2024-02-20 15:43:14', '2024-02-26 06:24:01'),
('58', 'keefe brunger', 'keefe.brunger@yahoo.com', '0986876683', '!a!s&cg$$k*3l$@!', '2024-02-20 15:21:19', '2024-02-21 15:18:51'),
('49', 'casandra bordes', 'casandra.bordes@hotmail.com', '1057240462', '@30cm*u#&3**!', '2024-02-20 14:21:53', '2024-02-24 07:24:42'),
('86', 'stephie pates', 'stephie.pates@hotmail.com', '1157638753', '1!$0%s!#ep*!d9o', '2024-02-20 17:42:37', '2024-02-20 18:22:02'),
('64', 'demetri covotto', 'demetri.covotto@gmail.com', '1476348573', 'z!!cx2!5#e!', '2024-02-20 15:52:45', '2024-02-26 00:26:49'),
('95', 'randene decort', 'randene.decort@gmail.com', '1671197594', '6*f@#7s%*9&oz*', '2024-02-20 18:31:17', '2024-02-26 08:17:23'),
('36', 'brandyn wise', 'brandyn.wise@gmail.com', '1856295824', '#*!*2*1!7*', '2024-02-20 13:02:30', '2024-03-01 06:21:35'),
('44', 'jessalin peatman', 'jessalin.peatman@hotmail.co.uk', '1916677156', '!!#g%&#r!&s!4l!', '2024-02-20 13:52:55', '2024-03-01 10:13:18'),
('46', 'ferdy wiltsher', 'ferdy.wiltsher@aol.com', '2051091757', '!3*%&5t6w6pih&2', '2024-02-20 14:04:27', '2024-02-21 09:58:09'),
('94', 'carilyn lethcoe', 'carilyn.lethcoe@hotmail.com', '2263283145', '&4$&*!!0nu#!%5#', '2024-02-20 18:26:01', '2024-02-28 10:19:29'),
('52', 'clementina standrin', 'clementina.standrin@yahoo.com', '2278490713', '!hy5u*7!*!k', '2024-02-20 14:35:04', '2024-03-01 03:24:15'),
('50', 'janifer cruse', 'janifer.cruse@hotmail.com', '2396201305', 'ny6*c6!*g', '2024-02-20 14:25:10', '2024-02-29 02:12:52'),
('48', 'darbie ganiford', 'darbie.ganiford@gmail.com', '2572303749', '$5&%*%!*ym&4', '2024-02-20 14:19:51', '2024-02-29 06:06:48'),
('68', 'iorgos halwood', 'iorgos.halwood@yahoo.com', '2596508013', '31#!%692!*ph&#', '2024-02-20 16:14:27', '2024-02-29 23:50:29'),
('43', 'haywood fairbourn', 'haywood.fairbourn@gmail.com', '2605165351', '**m!!%!*q*tlka5f', '2024-02-20 13:47:15', '2024-02-22 14:39:07'),
('83', 'thornie ridolfo', 'thornie.ridolfo@gmail.com', '2611495231', '!c#*4!69l1#*50', '2024-02-20 17:32:34', '2024-02-22 23:41:57'),
('16', 'andres arnholtz', 'andres.arnholtz@gmail.com', '2672265633', '95u5&x$o2%!80*e#', '2024-02-20 11:04:24', '2024-02-28 10:14:37'),
('98', 'chickie mackonochie', 'chickie.mackonochie@yahoo.com', '2746256126', '2!*!z5#%*', '2024-02-20 18:51:31', '2024-02-29 03:34:30'),
('9', 'philippa cummings', 'philippa.cummings@gmail.com', '2765196142', '$$6rf6$!*!!!g9!', '2024-02-20 10:30:51', '2024-02-25 04:16:54'),
('70', 'edgardo corden', 'edgardo.corden@hotmail.com', '3202057151', '*$**#8*2kk3', '2024-02-20 16:30:42', '2024-02-21 03:10:03'),
('30', 'claybourne hawthorn', 'claybourne.hawthorn@gmail.com', '3204853008', '1&#0tk*%%!j*!27*', '2024-02-20 12:33:13', '2024-02-26 14:04:49'),
('26', 'verla steljes', 'verla.steljes@web.de', '3384837653', '9p!vk**hh', '2024-02-20 12:09:52', '2024-02-20 17:24:18'),
('93', 'judi geely', 'judi.geely@mail.ru', '3709140808', 'q*@%c&wu*rp', '2024-02-20 18:17:38', '2024-02-23 17:34:23'),
('80', 'brynn caras', 'brynn.caras@rediffmail.com', '3800204543', 'q*%*2!#!a', '2024-02-20 17:14:41', '2024-02-24 09:01:01'),
('55', 'gunilla bison', 'gunilla.bison@arcor.de', '3898325056', 'v2&*!x!q671t9', '2024-02-20 14:53:24', '2024-02-21 09:56:06'),
('69', 'ester chittleburgh', 'ester.chittleburgh@hotmail.com', '4009238064', '84x&xm@$!#*!w**!', '2024-02-20 16:22:49', '2024-02-21 19:14:32'),
('81', 'minerva lannen', 'minerva.lannen@yahoo.com', '4025258659', '*5**8*e4q!!', '2024-02-20 17:21:34', '2024-02-26 23:20:41'),
('40', 'waldon clifford', 'waldon.clifford@yahoo.com', '4232167289', 'y2**z25j1!*d8#!', '2024-02-20 13:29:45', '2024-03-01 11:40:35'),
('24', 'adelaida caston', 'adelaida.caston@yahoo.com', '4254006514', '!&7**pmx!#*!b', '2024-02-20 12:01:44', '2024-02-27 14:01:16'),
('7', 'carlye lammenga', 'carlye.lammenga@uol.com.br', '4302070042', '**6**!3!6aso', '2024-02-20 10:23:05', '2024-02-20 23:55:34'),
('27', 'billie yegorkov', 'billie.yegorkov@yahoo.com.br', '4463914358', 'wt*1!b&d', '2024-02-20 12:15:05', '2024-02-20 21:52:53'),
('5', 'rouvin gauvain', 'rouvin.gauvain@sbcglobal.net', '4483679776', '#1p!v**1d*d', '2024-02-20 10:14:17', '2024-02-29 07:07:14'),
('91', 'ricky carlesi', 'ricky.carlesi@gmail.com', '4508353136', 'ove*3%&**', '2024-02-20 18:08:20', '2024-02-22 13:11:14'),
('63', 'carmencita baumaier', 'carmencita.baumaier@aol.com', '4520792664', '8x**x*z$%w!l45!w', '2024-02-20 15:48:21', '2024-02-27 00:24:09'),
('57', 'chlo matushenko', 'chlo.matushenko@gmail.com', '4530854005', 'r2d5!&!5#*b6!', '2024-02-20 15:12:14', '2024-02-20 20:50:26'),
('15', 'adrien rannigan', 'adrien.rannigan@hotmail.com', '4588099101', '5j*!*!5$d4!h*9s#', '2024-02-20 10:59:31', '2024-02-23 15:06:58'),
('75', 'franciskus paradin', 'franciskus.paradin@hotmail.com', '4659135381', 'tu&!d*!4nx&!7yy', '2024-02-20 16:56:55', '2024-02-27 08:38:15'),
('31', 'dottie veschi', 'dottie.veschi@gmail.com', '4665409543', '*g3*!&0y6hr', '2024-02-20 12:39:18', '2024-03-01 05:17:39'),
('42', 'gerhard dolby', 'gerhard.dolby@yahoo.com', '4847989323', '@!*c7!&j*442&$', '2024-02-20 13:39:36', '2024-02-22 11:20:41'),
('71', 'orazio pengilley', 'orazio.pengilley@gmail.com', '4890078959', 'ce!wa$%lih!*', '2024-02-20 16:31:48', '2024-02-25 08:52:41'),
('78', 'halley nijs', 'halley.nijs@aol.com', '4981073785', '#miq%!!g!!n9b', '2024-02-20 17:08:35', '2024-02-25 01:52:22'),
('53', 'jilleen darko', 'jilleen.darko@yahoo.com', '5101524542', '5!!*!6!gdb2g', '2024-02-20 14:44:19', '2024-02-25 21:43:21'),
('92', 'eldredge norval', 'eldredge.norval@hotmail.fr', '5311645822', '%*l@c%&mhzb1', '2024-02-20 18:10:59', '2024-03-01 05:21:17'),
('88', 'nixie matz', 'nixie.matz@gmail.com', '5314896325', '*0*mui!&**43', '2024-02-20 17:54:54', '2024-02-27 01:27:04'),
('51', 'timi burkitt', 'timi.burkitt@wanadoo.fr', '5327772736', 's9*!%&a*e6&1', '2024-02-20 14:28:27', '2024-03-01 11:24:18'),
('37', 'hobey pelos', 'hobey.pelos@yahoo.com', '5572490079', 'y*xrr*6!9r!9&rz', '2024-02-20 13:07:20', '2024-02-22 10:38:47'),
('12', 'burke williment', 'burke.williment@yahoo.com', '5729232995', '2!s*vt*933', '2024-02-20 10:40:24', '2024-02-20 21:34:05'),
('54', 'filberte eymer', 'filberte.eymer@yahoo.co.jp', '6163388047', '!*!#p2&##!*', '2024-02-20 14:50:20', '2024-03-01 12:12:51'),
('39', 'ron spawell', 'ron.spawell@hotmail.co.uk', '6253200042', '%j*cbp9$8%**i$3u', '2024-02-20 13:23:02', '2024-02-27 07:54:06'),
('25', 'sam wyd', 'sam.wyd@hotmail.co.uk', '6389550353', '**c*1n$mr#&tp%z', '2024-02-20 12:05:24', '2024-02-23 22:26:05'),
('10', 'marlane seargeant', 'marlane.seargeant@gmail.com', '6394589315', 'un6*i9y2ii!9!!', '2024-02-20 10:35:22', '2024-02-22 22:59:50'),
('21', 'guenevere addy', 'guenevere.addy@hotmail.com', '6507308926', '&4&*!#*c*b%&6', '2024-02-20 11:40:49', '2024-02-21 16:32:22'),
('65', 'coraline degnen', 'coraline.degnen@yahoo.com', '6657438117', '!#nh**cj@!', '2024-02-20 15:57:25', '2024-02-28 07:41:36'),
('47', 'caroline acarson', 'caroline.acarson@hotmail.co.uk', '6813550252', '3j#&tb2q%*$*', '2024-02-20 14:10:30', '2024-02-27 00:50:06'),
('28', 'jimmy guyon', 'jimmy.guyon@yahoo.com', '6834094145', '$8$!&8*!$18**50o', '2024-02-20 12:24:02', '2024-03-01 03:12:45'),
('11', 'valene baldoni', 'valene.baldoni@yahoo.fr', '6870614969', 'nh%6l!80$*%cb*2i', '2024-02-20 10:37:03', '2024-02-20 20:33:49'),
('19', 'wrennie criple', 'wrennie.criple@aol.com', '6903233949', 'x&!7c*l*!@', '2024-02-20 11:27:49', '2024-02-22 11:48:59'),
('59', 'biddy brouwer', 'biddy.brouwer@yahoo.com', '6977844078', '*&n!*l**t!yzq', '2024-02-20 15:24:33', '2024-02-29 12:06:25'),
('56', 'rudiger abbets', 'rudiger.abbets@hotmail.co.uk', '7050168393', '1g!!5@6c92!s!nt', '2024-02-20 15:02:19', '2024-02-26 02:31:26'),
('38', 'jobyna othick', 'jobyna.othick@gmail.com', '7084541313', '!##!!!c6&!*%&@$a', '2024-02-20 13:13:21', '2024-02-26 03:58:47'),
('79', 'jannel crosfeld', 'jannel.crosfeld@aol.com', '7332166170', '0yvf#%5*y*lv$', '2024-02-20 17:10:22', '2024-02-28 11:10:05'),
('72', 'margette pentercost', 'margette.pentercost@gmail.com', '7350199450', '*$*95y!**!4', '2024-02-20 16:41:19', '2024-02-26 22:02:55'),
('77', 'guenna pell', 'guenna.pell@hotmail.com', '7613865414', '!14e$7y&!g!3$!!b', '2024-02-20 17:05:50', '2024-02-27 20:05:21'),
('22', 'stoddard mallon', 'stoddard.mallon@hotmail.com', '7646425430', '&u@b1*4%!!gt', '2024-02-20 11:48:15', '2024-02-23 09:17:39'),
('41', 'valdemar screase', 'valdemar.screase@yahoo.com', '7723074557', '*#u4!9s85!*!3!', '2024-02-20 13:38:22', '2024-02-22 03:03:42'),
('73', 'beauregard hardiman', 'beauregard.hardiman@yahoo.com', '7773775688', 'p*8*#4c39!#w*', '2024-02-20 16:46:18', '2024-02-22 10:45:00'),
('89', 'trescha petrozzi', 'trescha.petrozzi@t-online.de', '7922140735', '4%!i0!$a9!7*o!2', '2024-02-20 18:01:30', '2024-03-01 11:41:20'),
('66', 'rubi gasker', 'rubi.gasker@live.co.uk', '7979592315', '!*c*%gg&95g!', '2024-02-20 16:04:56', '2024-03-01 14:24:49'),
('96', 'gwenny kingswood', 'gwenny.kingswood@live.com', '8067384668', 'p*$2#!6tu!*ywqw$', '2024-02-20 18:40:09', '2024-02-25 16:42:43'),
('18', 'olva craighead', 'olva.craighead@optusnet.com.au', '8112856353', '8*p!!#1&36x', '2024-02-20 11:19:27', '2024-02-22 04:17:03'),
('2', 'keven whitwood', 'keven.whitwood@yahoo.com', '8187275544', 'j!$3*e!!', '2024-02-20 09:48:52', '2024-02-23 02:45:48'),
('99', 'auguste futcher', 'auguste.futcher@yahoo.com', '8339716363', '!!%4*!y%!2', '2024-02-20 18:58:07', '2024-02-21 01:16:23'),
('34', 'elvina ladbrooke', 'elvina.ladbrooke@gmail.com', '8374426720', '!!#b%0!**$*pl', '2024-02-20 12:52:42', '2024-02-23 07:43:07'),
('60', 'rakel mcintosh', 'rakel.mcintosh@mail.ru', '8438689792', '%7!jqf#l9&s!!q*l', '2024-02-20 15:27:27', '2024-02-23 20:29:06'),
('8', 'jackson houldin', 'jackson.houldin@yahoo.com.br', '8539671702', '%*!&ghwv0%3*$', '2024-02-20 10:28:34', '2024-02-24 02:30:08'),
('61', 'richmond donhardt', 'richmond.donhardt@yahoo.com', '8565550623', 'mt!&*k3!5z!', '2024-02-20 15:35:15', '2024-02-21 18:15:17'),
('87', 'walther worlidge', 'walther.worlidge@hotmail.com', '8619275259', '*!*p%!#8!3*a', '2024-02-20 17:46:36', '2024-02-27 09:23:22'),
('29', 'normie nornable', 'normie.nornable@yahoo.com', '8691984945', 'e$**$*9*kk3', '2024-02-20 12:27:04', '2024-02-25 02:21:46'),
('14', 'howard fugere', 'howard.fugere@hotmail.com', '9002230521', '*gk&z4!%9j*#', '2024-02-20 10:52:24', '2024-02-23 02:36:11'),
('32', 'edgard jeaneau', 'edgard.jeaneau@gmail.com', '9021897733', '*$*m%#*uj!e', '2024-02-20 12:45:45', '2024-02-23 20:13:07'),
('67', 'nicky harman', 'nicky.harman@gmail.com', '9399475204', '&*&cvmz*&', '2024-02-20 16:11:32', '2024-03-01 15:30:46'),
('74', 'athena coode', 'athena.coode@gmail.com', '9495912344', '*pjc%sxg!', '2024-02-20 16:48:25', '2024-02-28 17:10:54'),
('6', 'robbert gallagher', 'robbert.gallagher@yahoo.com', '9562325532', '2*l*77t*!&7%x', '2024-02-20 10:19:56', '2024-02-26 01:50:33'),
('85', 'prinz larkkem', 'prinz.larkkem@yahoo.com', '9565359774', '9c0!#*!80!&06', '2024-02-20 17:37:32', '2024-02-21 00:43:41'),
('76', 'bucky boffey', 'bucky.boffey@gmail.com', '9589449647', '%s!c*!s#&', '2024-02-20 17:04:22', '2024-02-28 19:17:07'),
('82', 'rorke cockman', 'rorke.cockman@yahoo.com', '9623857322', '0$*3*!3!d', '2024-02-20 17:28:05', '2024-02-23 17:43:30'),
('23', 'annamarie andrez', 'annamarie.andrez@yahoo.com', '9638073392', 'k!nb%pq4', '2024-02-20 11:55:15', '2024-02-27 03:19:24'),
('84', 'sabina paulusch', 'sabina.paulusch@gmail.com', '9668932847', '!!!$jfy0pdl!4!&', '2024-02-20 17:35:19', '2024-02-23 16:19:52'),
('3', 'christabel dennistoun', 'christabel.dennistoun@gmail.com', '9734158228', 'nfv1!6&m&*!***7y', '2024-02-20 09:55:17', '2024-02-23 07:34:50'),
('90', 'emmerich pepon', 'emmerich.pepon@gmail.com', '9774107682', '%3*i*#*o8jl9', '2024-02-20 18:03:35', '2024-02-26 04:56:01');

-- roles
insert into roles (id, name) values
('1', 'admin'),
('2', 'staff'),
('3', 'user');

-- user_roles
insert into user_roles (user_id, role_id) values
('57', '1'),
('63', '2'),
('93', '3'),
('52', '3'),
('98', '1'),
('89', '2'),
('31', '1'),
('23', '2'),
('29', '3'),
('65', '1'),
('7', '2'),
('60', '3'),
('95', '3'),
('74', '1'),
('24', '2'),
('17', '1'),
('43', '2'),
('76', '3'),
('18', '1'),
('50', '2'),
('38', '3'),
('70', '2'),
('58', '3'),
('14', '1'),
('77', '2'),
('92', '3'),
('42', '1'),
('37', '2'),
('5', '3'),
('1', '1'),
('27', '1'),
('33', '2'),
('69', '3'),
('80', '1'),
('35', '2'),
('30', '3'),
('82', '2'),
('79', '3'),
('75', '1'),
('25', '3'),
('83', '1'),
('73', '2'),
('100', '1'),
('41', '2'),
('47', '3'),
('84', '3'),
('85', '1'),
('72', '2'),
('16', '2'),
('13', '3'),
('99', '1'),
('2', '3'),
('6', '1'),
('94', '2'),
('81', '2'),
('53', '3'),
('45', '1'),
('51', '1'),
('49', '2'),
('26', '3'),
('39', '3'),
('11', '1'),
('8', '2'),
('71', '1'),
('68', '2'),
('9', '3'),
('36', '3'),
('54', '1'),
('19', '2'),
('61', '3'),
('22', '1'),
('90', '2'),
('88', '2'),
('67', '3'),
('64', '1'),
('34', '3'),
('78', '1'),
('91', '2'),
('12', '3'),
('28', '1'),
('96', '2'),
('46', '2'),
('97', '3'),
('32', '1'),
('21', '1'),
('4', '2'),
('15', '3'),
('3', '3'),
('66', '1'),
('87', '2'),
('40', '1'),
('20', '2'),
('56', '3'),
('44', '2'),
('55', '3'),
('62', '1'),
('48', '3'),
('86', '1'),
('59', '2'),
('10', '3');

-- permissions
insert into permissions (id, action_name, action_code) values
('1', 'create product', 'create_product'),
('10', 'read product category', 'read_product_category'),
('11', 'update product category', 'update_product_category'),
('12', 'delete product category', 'delete_product_category'),
('13', 'create product os', 'create_product_os'),
('14', 'read product os', 'read_product_os'),
('15', 'update product os', 'update_product_os'),
('16', 'delete product os', 'delete_product_os'),
('17', 'create product variation', 'create_product_variation'),
('18', 'read product variation', 'read_product_variation'),
('19', 'update product variation', 'update_product_variation'),
('2', 'read product', 'read_product'),
('20', 'delete product variation', 'delete_product_variation'),
('21', 'create product instance', 'create_product_instance'),
('22', 'read product instance', 'read_product_instance'),
('23', 'update product instance', 'update_product_instance'),
('24', 'delete product instance', 'delete_product_instance'),
('25', 'create provider', 'create_provider'),
('26', 'read provider', 'read_provider'),
('27', 'update provider', 'update_provider'),
('28', 'delete provider', 'delete_provider'),
('29', 'create goods receipt note', 'create_goods_receipt_note'),
('3', 'update product', 'update_product'),
('30', 'read goods receipt note', 'read_goods_receipt_note'),
('31', 'update goods receipt note', 'update_goods_receipt_note'),
('32', 'delete goods receipt note', 'delete_goods_receipt_note'),
('33', 'create user', 'create_user'),
('34', 'read user', 'read_user'),
('35', 'update user', 'update_user'),
('36', 'delete user', 'delete_user'),
('37', 'create user address', 'create_user_address'),
('38', 'read user address', 'read_user_address'),
('39', 'update user address', 'update_user_address'),
('4', 'delete product', 'delete_product'),
('40', 'delete user address', 'delete_user_address'),
('41', 'create user role', 'create_user_role'),
('42', 'read user role', 'read_user_role'),
('43', 'update user role', 'update_user_role'),
('44', 'delete user role', 'delete_user_role'),
('45', 'create role', 'create_role'),
('46', 'read role', 'read_role'),
('47', 'update role', 'update_role'),
('48', 'delete role', 'delete_role'),
('49', 'create role permission', 'create_role_permission'),
('5', 'create product brand', 'create_product_brand'),
('50', 'read role permission', 'read_role_permission'),
('51', 'update role permission', 'update_role_permission'),
('52', 'delete role permission', 'delete_role_permission'),
('53', 'create permission', 'create_permission'),
('54', 'read permission', 'read_permission'),
('55', 'update permission', 'update_permission'),
('56', 'delete permission', 'delete_permission'),
('57', 'create cart', 'create_cart'),
('58', 'read cart', 'read_cart'),
('59', 'update cart', 'update_cart'),
('6', 'read product brand', 'read_product_brand'),
('60', 'delete cart', 'delete_cart'),
('61', 'create order', 'create_order'),
('62', 'read order', 'read_order'),
('63', 'update order', 'update_order'),
('64', 'delete order', 'delete_order'),
('65', 'create order item', 'create_order_item'),
('66', 'read order item', 'read_order_item'),
('67', 'update order item', 'update_order_item'),
('68', 'delete order item', 'delete_order_item'),
('69', 'create order delivery state', 'create_order_delivery_state'),
('7', 'update product brand', 'update_product_brand'),
('70', 'read order delivery state', 'read_order_delivery_state'),
('71', 'update order delivery state', 'update_order_delivery_state'),
('72', 'delete order delivery state', 'delete_order_delivery_state'),
('8', 'delete product brand', 'delete_product_brand'),
('9', 'create product category', 'create_product_category');

-- role_permissions
insert into role_permissions (role_id, permission_id) values
('2', '70'),
('3', '47'),
('1', '28'),
('1', '11'),
('2', '68'),
('3', '67'),
('3', '1'),
('1', '52'),
('2', '25'),
('2', '5'),
('3', '18'),
('1', '42'),
('1', '10'),
('2', '9'),
('3', '14'),
('2', '54'),
('3', '7'),
('1', '34'),
('2', '61'),
('3', '69'),
('1', '15'),
('2', '38'),
('3', '16'),
('1', '71'),
('2', '17'),
('3', '12'),
('1', '24'),
('2', '27'),
('3', '62'),
('1', '59'),
('3', '3'),
('1', '32'),
('2', '36'),
('3', '45'),
('1', '57'),
('2', '50'),
('1', '60'),
('2', '64'),
('3', '63'),
('3', '31'),
('1', '51'),
('2', '48'),
('1', '43'),
('2', '35'),
('3', '37'),
('1', '72'),
('2', '21'),
('3', '46'),
('3', '2'),
('1', '13'),
('2', '29'),
('2', '23'),
('3', '6'),
('1', '39'),
('1', '22'),
('2', '65'),
('3', '4'),
('2', '30'),
('3', '58'),
('1', '41'),
('2', '19'),
('3', '53'),
('1', '26'),
('1', '8'),
('2', '33'),
('3', '20'),
('1', '44'),
('2', '49'),
('3', '56'),
('2', '55'),
('3', '40'),
('1', '66'),
('3', '51'),
('1', '20'),
('3', '36'),
('3', '52'),
('2', '8'),
('2', '24'),
('1', '27'),
('1', '2'),
('3', '5'),
('3', '21'),
('1', '55'),
('2', '3'),
('3', '72'),
('2', '45'),
('3', '30'),
('3', '43'),
('2', '14'),
('1', '23'),
('1', '67'),
('2', '7'),
('1', '25'),
('1', '49'),
('2', '22'),
('2', '37'),
('3', '41'),
('2', '69'),
('2', '12'),
('3', '66');

-- user_addresses
insert into user_addresses (id, user_id, name, street, apartment_number, ward, district, city_province, phone_number, is_default) values
('1', '28', 'mia lewis', '7854 lafayette street', '1909', 'mapleton', 'williamsburg', 'saint paul', '(651) 087-7164', '1'),
('2', '48', 'jessica miller', '4975 guerra avenue', '1404', 'southtown', 'upper east side', 'augusta', '(706) 700-3591', '1'),
('3', '80', 'john doe', '10748 mustart court', '101', 'downtown', 'harlem', 'oklahoma city', '(405) 051-4471', '0'),
('4', '53', 'ava robinson', '1315 carriage hill way', '1606d', 'woodland', 'downtown', 'los angeles', '(213) 630-1300', '0'),
('5', '95', 'john doe', '5819 xyler avenue', '1606d', 'downtown', 'nolita', 'tacoma', '(253) 041-1624', '1'),
('6', '96', 'john doe', '14593 carlton lane', '101', 'downtown', 'downtown', 'orlando', '(407) 665-1311', '1'),
('7', '29', 'james jackson', '4280 dzuro drive', '7a', 'hillcrest', 'soho', 'sioux city', '(712) 462-9986', '0'),
('8', '73', 'amelia scott', '5387 venetian lane', '1505', 'old town', 'midtown', 'columbus', '(614) 550-1265', '1'),
('9', '40', 'sophia martinez', '10518 oldham lane', '101', 'lakeside', 'upper west side', 'jamaica', '(212) 914-6034', '0'),
('10', '49', 'sophia martinez', '9672 resmondo road', '1102c', 'lakeside', 'downtown', 'monroe', '(318) 359-5845', '0'),
('11', '18', 'olivia thomas', '6709 black stone place', '210b', 'sunset heights', 'harlem', 'monroe', '(318) 267-2106', '0'),
('12', '55', 'elijah perez', '6708 treeline place', '501', 'midtown', 'long island city', 'tucson', '(520) 457-3025', '0'),
('13', '36', 'elijah perez', '776 boyd circle', 'a201', 'midtown', 'chinatown', 'colorado springs', '(719) 133-0749', '1'),
('14', '16', 'michael davis', '2523 albany avenue', '803', 'northville', 'midtown', 'san diego', '(619) 222-8955', '0'),
('15', '43', 'ethan clark', '1585 dellano way', '1001', 'meadowvale', 'chinatown', 'brooklyn', '(646) 666-0444', '0'),
('16', '93', 'ava robinson', '1951 turkey lane', '1707', 'woodland', 'financial district', 'milwaukee', '(414) 055-7265', '0'),
('17', '86', 'robert johnson', '9472 mayberry court', '1808', 'eastside', 'flatiron district', 'jacksonville', '(904) 973-7802', '1'),
('18', '83', 'william wilson', '14788 feulner place', '1606d', 'central park', 'williamsburg', 'aurora', '(303) 092-1445', '0'),
('19', '68', 'benjamin king', '3864 faith terrace', '1707', 'seaside', 'williamsburg', 'phoenix', '(602) 066-9414', '1'),
('20', '69', 'robert johnson', '2437 zina lane', 'a201', 'eastside', 'south side', 'jacksonville', '(904) 783-1913', '0'),
('21', '23', 'elijah perez', '627 pensacola place', '602', 'midtown', 'nolita', 'boulder', '(303) 074-3912', '1'),
('22', '3', 'sophia martinez', '3867 mclin lane', '1909', 'lakeside', 'gramercy', 'minneapolis', '(763) 105-5663', '1'),
('23', '13', 'ava robinson', '2461 english ivy circle', '1606d', 'woodland', 'west end', 'san diego', '(619) 223-0398', '0'),
('24', '15', 'jessica miller', '7640 kingfisher court', '501', 'southtown', 'carnegie hill', 'new york city', '(347) 948-2376', '1'),
('25', '25', 'elijah perez', '1968 mclaughlin terrace', '20a', 'midtown', 'midtown', 'orlando', '(407) 091-5808', '1'),
('26', '1', 'james jackson', '9988 collerette court', '1102c', 'hillcrest', 'west end', 'akron', '(234) 258-5974', '1'),
('27', '31', 'alexander harris', '4234 leffers street', '1303', 'brooklyn', 'greenwich', 'syracuse', '(315) 876-7174', '0'),
('28', '70', 'robert johnson', '10228 natchez avenue', '1909', 'eastside', 'williamsburg', 'norfolk', '(757) 846-9897', '1'),
('29', '5', 'amelia scott', '10148 evergreen court', '1707', 'old town', 'williamsburg', 'huntington', '(304) 533-1653', '1'),
('30', '60', 'michael davis', '14104 sutton terrace', 'a201', 'northville', 'bay area', 'boston', '(781) 493-0523', '0'),
('31', '71', 'emily brown', '6315 malvern court', 'a201', 'west end', 'harlem', 'falls church', '(571) 572-4016', '0'),
('32', '11', 'elijah perez', '14980 heiny place', '1909', 'midtown', 'chelsea', 'chicago', '(312) 545-9308', '0'),
('33', '19', 'alexander harris', '6949 dutchess loop', '404d', 'brooklyn', 'williamsburg', 'san diego', '(619) 151-5732', '1'),
('34', '24', 'charlotte walker', '13986 sterling street', 'a201', 'harborview', 'gramercy', 'jackson', '(601) 251-6329', '1'),
('35', '66', 'mia lewis', '5621 chateau way', '7a', 'mapleton', 'midtown', 'white plains', '(914) 929-4012', '0'),
('36', '87', 'mia lewis', '1899 las pacos court', '501', 'mapleton', 'midtown', 'fort wayne', '(260) 776-1954', '0'),
('37', '63', 'olivia thomas', '8270 nuevo leon lane', '20a', 'sunset heights', 'midtown', 'albuquerque', '(505) 109-1415', '0'),
('38', '10', 'charlotte walker', '10164 yerk street', '1909', 'harborview', 'williamsburg', 'ogden', '(801) 863-2033', '0'),
('39', '51', 'elijah perez', '5984 alexis lane', '1404', 'midtown', 'south side', 'reading', '(610) 822-7874', '1'),
('40', '9', 'alexander harris', '9053 churchill downs', '501', 'brooklyn', 'midtown', 'wilkes barre', '(570) 681-4708', '0'),
('41', '61', 'daniel anderson', '13725 landeros lane', '1505', 'riverbend', 'soho', 'fort lauderdale', '(754) 107-3589', '0'),
('42', '99', 'sophia martinez', '11497 isabella avenue', 'a201', 'lakeside', 'williamsburg', 'lincoln', '(402) 751-7969', '0'),
('43', '39', 'mia lewis', '11540 cayce place', '20a', 'mapleton', 'east village', 'sioux city', '(712) 260-8073', '0'),
('44', '27', 'jane smith', '3669 altair path', '1303', 'uptown', 'brooklyn heights', 'palo alto', '(650) 250-6006', '1'),
('45', '78', 'olivia thomas', '8770 gaffney street', '904-b', 'sunset heights', 'chelsea', 'saint petersburg', '(727) 160-1664', '1'),
('46', '76', 'sophia martinez', '5399 holder way', '1404', 'lakeside', 'upper east side', 'washington', '(202) 068-8116', '1'),
('47', '58', 'daniel anderson', '1531 sweetgum street', '501', 'riverbend', 'financial district', 'miami', '(786) 735-0629', '1'),
('48', '91', 'alexander harris', '4506 osage place', '102b', 'brooklyn', 'upper west side', 'san antonio', '(210) 489-8562', '0'),
('49', '12', 'mia lewis', '3161 eola place', '1808', 'mapleton', 'midtown', 'shreveport', '(318) 700-7373', '0'),
('50', '46', 'john doe', '4012 upland place', '1606d', 'downtown', 'park slope', 'sacramento', '(916) 325-0284', '1'),
('51', '85', 'ava robinson', '13533 memory avenue', '1001', 'woodland', 'harlem', 'washington', '(202) 846-5497', '0'),
('52', '100', 'benjamin king', '3810 mount pleasant terrace', '1606d', 'seaside', 'chelsea', 'inglewood', '(310) 239-9123', '0'),
('53', '67', 'john doe', '4538 vandemark street', '803', 'downtown', 'little italy', 'san francisco', '(415) 919-8478', '1'),
('54', '77', 'john doe', '6862 alcaraz place', '904-b', 'downtown', 'upper east side', 'birmingham', '(205) 827-6350', '1'),
('55', '33', 'olivia thomas', '1800 holovak terrace', '1303', 'sunset heights', 'uptown', 'santa barbara', '(805) 260-1446', '0'),
('56', '45', 'sophia martinez', '3270 fir street', '1404', 'lakeside', 'park slope', 'midland', '(432) 240-3845', '1'),
('57', '4', 'robert johnson', '1125 guillermina loop', '101', 'eastside', 'nolita', 'washington', '(202) 104-8299', '1'),
('58', '20', 'daniel anderson', '1999 fulcrum place', '1707', 'riverbend', 'financial district', 'gainesville', '(352) 025-9181', '1'),
('59', '14', 'isabella white', '162 tarrson blvd.', '101', 'greenwood', 'nolita', 'tyler', '(903) 968-4112', '1'),
('60', '7', 'charlotte walker', '2239 randall road', '101', 'harborview', 'chinatown', 'tucson', '(520) 196-6987', '1'),
('61', '98', 'elijah perez', '13434 gennesse lane', '501', 'midtown', 'little italy', 'scottsdale', '(480) 866-6034', '1'),
('62', '44', 'alexander harris', '3341 overstreet place', '803', 'brooklyn', 'chelsea', 'rochester', '(585) 178-5403', '1'),
('63', '2', 'ava robinson', '3793 darwin terrace', '1001', 'woodland', 'upper east side', 'tyler', '(903) 901-2900', '1'),
('64', '56', 'robert johnson', '13662 coleman drive', '12a', 'eastside', 'downtown', 'tulsa', '(918) 023-7346', '0'),
('65', '32', 'daniel anderson', '754 allenwood loop', '303-c', 'riverbend', 'gramercy', 'bakersfield', '(661) 804-8549', '0'),
('66', '30', 'ava robinson', '668 willington way', '20a', 'woodland', 'carnegie hill', 'paterson', '(862) 842-3790', '1'),
('67', '74', 'jessica miller', '10014 strawbridge street', '1909', 'southtown', 'downtown', 'durham', '(919) 309-3083', '1'),
('68', '22', 'charlotte walker', '13667 fish camp road', '1707', 'harborview', 'downtown', 'davenport', '(563) 128-9461', '1'),
('69', '50', 'robert johnson', '792 winchell court', 'a201', 'eastside', 'bay area', 'greenville', '(864) 635-7087', '0'),
('70', '6', 'emily brown', '10899 brunson way', '904-b', 'west end', 'financial district', 'tacoma', '(253) 512-7929', '1'),
('71', '42', 'isabella white', '829 lisa lane', '303-c', 'greenwood', 'upper west side', 'atlanta', '(404) 050-4541', '0'),
('72', '81', 'jane smith', '8969 nehaul terrace', '1505', 'uptown', 'chinatown', 'durham', '(919) 271-5359', '0'),
('73', '8', 'michael davis', '8515 nectar road', '7a', 'northville', 'brooklyn heights', 'shawnee mission', '(913) 473-1001', '0'),
('74', '21', 'benjamin king', '5281 hubbard loop', '1303', 'seaside', 'harlem', 'san jose', '(408) 306-1793', '1'),
('75', '57', 'john doe', '11705 kelmscott street', '501', 'downtown', 'west end', 'moreno valley', '(951) 846-8463', '0'),
('76', '65', 'john doe', '14624 justice lane', '1808', 'downtown', 'little italy', 'atlanta', '(678) 835-4450', '0'),
('77', '41', 'robert johnson', '4897 cary street', 'a201', 'eastside', 'west end', 'portsmouth', '(603) 070-0409', '0'),
('78', '34', 'mia lewis', '8512 moncks corner', '1808', 'mapleton', 'west end', 'bozeman', '(406) 332-4095', '1'),
('79', '82', 'alexander harris', '6246 dunham drive', '303-c', 'brooklyn', 'brooklyn heights', 'spartanburg', '(864) 608-5059', '1'),
('80', '75', 'ava robinson', '2168 candlebrook street', '12a', 'woodland', 'park slope', 'chattanooga', '(423) 454-0043', '0'),
('81', '72', 'charlotte walker', '1391 monarch mill lane', '102b', 'harborview', 'williamsburg', 'miami', '(786) 834-8301', '0'),
('82', '64', 'mia lewis', '4809 yorktown court', '1404', 'mapleton', 'chelsea', 'reston', '(703) 789-6569', '0'),
('83', '17', 'emily brown', '8891 antepenko court', '1707', 'west end', 'gramercy', 'fresno', '(559) 476-1718', '1'),
('84', '89', 'mia lewis', '8327 paynes place', '101', 'mapleton', 'flatiron district', 'huntington', '(304) 440-7391', '1'),
('85', '47', 'daniel anderson', '11730 sprowles terrace', '1808', 'riverbend', 'uptown', 'pittsburgh', '(412) 659-2890', '0'),
('86', '35', 'ethan clark', '11804 napa lane', '101', 'meadowvale', 'little italy', 'delray beach', '(561) 057-0288', '1'),
('87', '84', 'ava robinson', '4007 deanna avenue', '904-b', 'woodland', 'west end', 'new haven', '(203) 437-0233', '0'),
('88', '26', 'sophia martinez', '14123 trout court', '602', 'lakeside', 'upper west side', 'sioux falls', '(605) 688-7697', '0'),
('89', '79', 'ethan clark', '1002 straton way', '1303', 'meadowvale', 'long island city', 'oklahoma city', '(405) 599-4485', '0'),
('90', '38', 'amelia scott', '14963 dipper loop', '1707', 'old town', 'soho', 'bridgeport', '(203) 491-1584', '1'),
('91', '52', 'jane smith', '11438 linton lane', '1707', 'uptown', 'gramercy', 'bloomington', '(812) 297-7365', '0'),
('92', '90', 'michael davis', '12990 maplesong lane', '1909', 'northville', 'bay area', 'inglewood', '(310) 843-2732', '0'),
('93', '97', 'daniel anderson', '9341 minchew circle', '1404', 'riverbend', 'park slope', 'santa fe', '(505) 899-2460', '0'),
('94', '59', 'daniel anderson', '3653 huffman court', '803', 'riverbend', 'park slope', 'fort wayne', '(260) 035-4801', '0'),
('95', '62', 'charlotte walker', '2871 quail court', '1404', 'harborview', 'park slope', 'sunnyvale', '(650) 975-0026', '0'),
('96', '92', 'benjamin king', '11767 silk tree terrace', '1606d', 'seaside', 'east village', 'portland', '(503) 031-9070', '0'),
('97', '94', 'robert johnson', '10750 tisot way', '803', 'eastside', 'tribeca', 'knoxville', '(865) 372-4961', '1'),
('98', '37', 'ava robinson', '2781 rutherford lane', '210b', 'woodland', 'uptown', 'durham', '(434) 748-9586', '0'),
('99', '88', 'amelia scott', '5869 brian etheredge way', '501', 'old town', 'midtown', 'tallahassee', '(850) 605-0040', '1'),
('100', '54', 'benjamin king', '1118 chancey way', '102b', 'seaside', 'upper east side', 'alexandria', '(318) 590-8405', '0');

-- providers
insert into providers (id, full_name, email, phone_number, created_at, updated_at) values
('1', 'alia huzzey', 'alia.huzzey@yahoo.com', '(203) 539-7053', '2024-02-20 09:43:57', '2024-02-25 18:01:58'),
('2', 'amil ivanishev', 'amil.ivanishev@yahoo.com', '(703) 310-0918', '2024-02-20 09:53:13', '2024-02-28 22:09:38'),
('3', 'aida dobrovolny', 'aida.dobrovolny@gmail.com', '(214) 680-8643', '2024-02-20 10:00:08', '2024-02-24 12:17:43'),
('4', 'eli huck', 'eli.huck@aol.com', '(918) 692-7484', '2024-02-20 10:08:44', '2024-02-27 05:05:48'),
('5', 'inna mingotti', 'inna.mingotti@yahoo.com.au', '(336) 912-5537', '2024-02-20 10:13:11', '2024-02-21 01:31:31');

-- goods_receipt_notes
insert into goods_receipt_notes (id, name, provider_id, staff_id, total_price_cents, quantity, created_at) values
('1', 'delivery note 008', '1', '93', '692440', '548', '2024-02-20 09:43:57'),
('2', 'product intake 010', '3', '19', '612874', '960', '2024-02-20 09:48:35'),
('3', 'grn-002', '2', '85', '301805', '147', '2024-02-20 09:57:16'),
('4', 'item arrival 011', '5', '6', '485495', '542', '2024-02-20 10:03:09'),
('5', 'warehouse entry 005', '4', '77', '665547', '877', '2024-02-20 10:12:58'),
('6', 'grn-001', '2', '100', '924524', '644', '2024-02-20 10:14:41'),
('7', 'purchase order receipt 004', '5', '44', '397433', '409', '2024-02-20 10:24:20'),
('8', 'warehouse entry 005', '1', '35', '336915', '417', '2024-02-20 10:26:36'),
('9', 'goods receipt note #3', '3', '55', '647268', '973', '2024-02-20 10:30:17'),
('10', 'supplier shipment 009', '4', '58', '353741', '353', '2024-02-20 10:38:47');

-- product_brands
insert into product_brands (id, name) values
('1', 'apple'),
('10', 'pepsi'),
('11', 'toyota'),
('12', 'honda'),
('13', 'bmw'),
('14', 'mercedes-benz'),
('15', 'intel'),
('16', 'cisco'),
('17', 'oracle'),
('18', 'dell'),
('19', 'hp'),
('2', 'samsung'),
('20', 'lenovo'),
('21', 'lg'),
('22', 'panasonic'),
('23', 'philips'),
('24', 'procter & gamble'),
('25', 'unilever'),
('3', 'nike'),
('4', 'adidas'),
('5', 'sony'),
('6', 'microsoft'),
('7', 'google'),
('8', 'amazon'),
('9', 'coca-cola');

-- product_categories
insert into product_categories (id, name) values
('1', 'fitness tracker'),
('2', 'smartwatch'),
('3', 'health band'),
('4', 'luxury smartwatch'),
('5', 'budget smart band'),
('6', 'hybrid smartwatch'),
('7', 'sports watch'),
('8', 'children''s smartwatch'),
('9', 'fashion smartband'),
('10', 'outdoor gps watch'),
('11', 'heart rate monitor band'),
('12', 'activity tracker'),
('13', 'smart bracelet');

-- products
insert into products (id, name, brand_id, model, category_id, description, stop_selling) values
('1', 'organic quinoa', '1', 'aax-2342-0', '1', 'nutritious organic quinoa for salads or sides', '0'),
('2', 'spicy thai noodles', '15', 'twe-4262-e9nhw', '3', 'instant noodles with a spicy thai sauce for quick meals.', '0'),
('3', 'adjustable window blind', '19', 'wzvyjweet-2443-b', '6', 'customizable window cover for light control and privacy.', '1'),
('4', 'plant pot drip trays', '2', 'naorinujah-5381-ze1', '12', 'prevent water damage with drip trays for potted plants.', '0'),
('5', 'tomato basil pasta sauce', '14', 'zdlmnivku-7033-jd', '11', 'rich and flavorful pasta sauce made with ripe tomatoes and basil.', '1'),
('6', 'creamy ranch dressing', '11', 'lsyuyv-2459-x', '4', 'classic ranch dressing for salads and dipping.', '0'),
('7', 'garlic butter sauce', '5', 'gzatwte-4888-ywwd', '7', 'a rich sauce perfect for pasta or drizzling over vegetables.', '0'),
('8', 'infrared space heater', '12', 'ftoqu-2628-0', '9', 'energy-efficient infrared heater for home use.', '0'),
('9', 'raspberry tart', '10', 'usbhvt-5454-krfv', '2', 'a delicious tart filled with fresh raspberry filling.', '0'),
('10', 'indian curry sauce', '24', 'xwczfud-0324-lf82w', '5', 'authentic indian curry sauce for quick meals.', '1'),
('11', 'indoor grill', '16', 'xgmiezw-3797-8ln3', '10', 'electric indoor grill for quick meals.', '0'),
('12', 'weighted blanket', '21', 'zotgontk-6563-4b', '13', 'therapeutic weighted blanket for better sleep.', '1'),
('13', 'portable charger with solar panel', '22', 'fwp-1953-e44p', '8', 'eco-friendly charger with a built-in solar panel for outdoor use.', '0'),
('14', 'silicone cooking utensils set', '4', 'xnu-7132-7gv', '9', 'non-stick and heat-resistant utensils for cooking.', '1'),
('15', 'organic brown rice cakes', '25', 'youaztal-8633-8y4z', '5', 'light and crunchy rice cakes made from organic brown rice.', '1'),
('16', 'fitness tracker with heart rate monitor', '13', 'ffxubpwom-3970-9i408', '1', 'wearable device to track fitness activities and heart rate.', '0'),
('17', 'digital meat thermometer', '6', 'irjwytg-7075-c', '6', 'instant-read thermometer for precise cooking temperatures.', '1'),
('18', 'vegetable fried rice', '9', 'ylpnekn-1331-4xnwx', '12', 'quick and easy fried rice mixed with vegetables and soy sauce.', '0'),
('19', 'linen trousers', '7', 'kqfjgc-5385-4bm', '10', 'breathable linen trousers perfect for hot weather.', '0'),
('20', 'fire roasted salsa', '3', 'bqnosrtux-3410-5tv16', '11', 'salsa made with fire-roasted tomatoes for an authentic flavor.', '1'),
('21', 'coconut curry sauce', '20', 'waw-7702-g51', '8', 'a flavorful sauce made with coconut milk and spices.', '0'),
('22', 'basil lemonade', '23', 'vsbrh-7874-62s', '7', 'refreshing basil-infused lemonade for a cool drink.', '1'),
('23', 'tomato paste', '18', 'aijmqbesue-4838-oio', '3', 'concentrated tomato paste, great for sauces.', '0'),
('24', 'canvas high-top sneakers', '8', 'yzpk-4444-s1k86', '4', 'trendy high-top canvas sneakers for a stylish streetwear look.', '0'),
('25', 'sweet potato mash', '17', 'ccwrzne-0495-d', '13', 'creamy mashed sweet potatoes, ready to heat and serve.', '0'),
('26', 'couscous mix', '24', 'wgihjuuoix-6439-57', '2', 'fluffy couscous that cooks in just minutes, perfect as a side.', '1'),
('27', 'cherry almond protein bar', '8', 'ygbuioemr-8738-9', '2', 'nutritious protein bar with cherry and almond flavor, great for on-the-go.', '0'),
('28', 'tea infuser bottle', '5', 'lfz-0890-6gm', '8', 'bottle with infuser for brewing loose-leaf tea on the go.', '0'),
('29', 'beard grooming kit', '23', 'xbxj-8475-i', '1', 'everything you need for maintaining a healthy beard.', '1'),
('30', 'kale and quinoa salad', '21', 'hcbw-2305-a', '6', 'a nutritious salad with kale, quinoa, and a zesty lemon dressing.', '1'),
('31', 'organic ramen noodles', '11', 'tiyczvwo-2626-0yl0', '11', 'quick-cooking ramen noodles made with organic wheat.', '0'),
('32', 'mini projector', '25', 'oie-5492-uth', '5', 'portable projector with 1080p resolution for movies.', '1'),
('33', 'wireless mouse', '7', 'izhhf-0328-aro', '7', 'ergonomic wireless mouse with adjustable dpi.', '0'),
('34', 'chipotle sauce', '1', 'omuibzgkh-6779-o5', '12', 'spicy sauce made with chipotle peppers', '1'),
('35', 'scent diffuser oil', '10', 'tlfukfk-1601-5mloq', '4', 'essential oil blends for a soothing atmosphere in your home.', '0'),
('36', 'reusable produce bags set', '3', 'mxrxjkebg-4012-ybo11', '10', 'eco-friendly mesh bags for shopping produce at the market.', '1'),
('37', 'savory oats', '9', 'plioka-8889-xo9', '9', 'instant oats with a savory twist, such as herbs and spices.', '1'),
('38', 'pet grooming scissors', '14', 'qnhtxwhcpj-5811-s4', '3', 'quality scissors designed for easy pet grooming.', '1'),
('39', 'berry smoothie mix', '17', 'cxqrhxtp-9084-7wdht', '13', 'frozen mix for quick berry smoothies.', '0'),
('40', 'fridge magnet set', '22', 'ppaa-1934-o6g', '12', 'fun fridge magnets to decorate your kitchen.', '1'),
('41', 'herb seasoned croutons', '2', 'vekuoqppka-9501-fh86g', '1', 'crunchy croutons with a blend of herbs for salads.', '0'),
('42', 'portable hammock with stand', '18', 'wmcobfix-9819-7li0', '10', 'lightweight hammock with a sturdy stand for relaxation anywhere.', '0'),
('43', 'garden vegetable soup', '6', 'qhz-2445-j', '7', 'a hearty soup filled with vegetables and herbs, perfect for a light meal.', '1'),
('44', 'ergonomic mouse pad with wrist support', '16', 'fpbkcbb-4156-h', '8', 'comfortable mouse pad designed to reduce wrist strain.', '0'),
('45', 'kettle bbq grill', '12', 'gjdnr-6252-vq5cl', '3', 'charcoal kettle grill perfect for backyard barbecues.', '0'),
('46', 'bike helmet', '15', 'ttjvwmj-7102-yfv2', '2', 'lightweight bike helmet with adjustable fit.', '0'),
('47', 'instant camera', '20', 'gpdodsvixl-5798-u', '5', 'retro instant camera for capturing and printing photos instantly.', '1'),
('48', 'sea salt tortilla chips', '19', 'rdflfpuim-3528-85', '4', 'crunchy tortilla chips with a hint of sea salt, great with dips.', '0'),
('49', 'home delivery food journal', '13', 'gqnfnbxofi-1099-vb', '13', 'track your meals and nutrition with this handy food journal.', '1'),
('50', 'coconut milk yogurt', '4', 'qbfqpqs-0333-v2rpj', '6', 'creamy yogurt made with coconut milk', '0'),
('51', 'marinara sauce', '6', 'zhzt-6075-7wium', '11', 'classic marinara sauce for all pasta dishes.', '0'),
('52', 'smashed avocado with lime', '18', 'gknriclnaf-0715-3', '9', 'a creamy blend of avocados and lime juice, great for spreads or dips.', '1'),
('53', 'fruit and nut medley', '16', 'paceshwtd-5047-hm', '6', 'a healthy mix of assorted dried fruits and nuts for snacking.', '1'),
('54', 'running shorts', '19', 'oeujvz-4644-i', '1', 'lightweight and breathable running shorts for your workouts.', '1'),
('55', 'digital voice recorder', '4', 'suu-7786-c', '10', 'high-quality voice recorder for lectures and meetings.', '1'),
('56', 'balsamic vinegar', '17', 'ojyg-2911-8gl', '8', 'rich and tangy balsamic vinegar, perfect for dressings.', '0'),
('57', 'electric food steamer', '25', 'jrymgtwpnd-3972-7re', '4', 'electric food steamer for healthy cooking.', '0'),
('58', 'wall-mounted bookshelf', '20', 'mxiavgi-1500-2', '7', 'floating bookshelf to display your favorite books.', '0'),
('59', 'peanut butter chocolate clusters', '13', 'rkmiq-0052-cd', '11', 'delicious clusters of peanuts and chocolate for a sweet treat.', '0'),
('60', 'pet tracking collar', '24', 'jwvg-7672-16', '3', 'gps pet collar that helps locate your pet via smartphone app.', '0'),
('61', 'whipped cream cheese', '21', 'krfcw-6881-tvpvp', '13', 'light and fluffy cream cheese, perfect for bagels or cooking.', '0'),
('62', 'shower curtain hooks', '8', 'vrf-3963-ma1e2', '12', 'stylish hooks to easily hang shower curtains.', '0'),
('64', 'balsamic glazed brussels sprouts', '15', 'uqmtakks-4114-275', '9', 'roasted brussels sprouts drizzled with balsamic glaze.', '0'),
('65', 'chocolate hazelnut granola', '7', 'sgzwfz-4635-d', '5', 'crunchy granola with chocolate and hazelnuts for breakfast.', '0'),
('66', 'travel mug with leak-proof lid', '11', 'yplakc-5917-sceq0', '3', 'stainless steel travel mug that keeps drinks hot or cold.', '1'),
('67', 'grapes (red)', '1', 'jptxdiuygl-6714-ko', '13', 'fresh seedless red grapes, perfect for snacking.', '1'),
('68', 'portable pet bathing tool', '9', 'swl-2174-x', '2', 'handheld sprayer designed for washing pets easily.', '0'),
('69', 'vegetable medley', '23', 'kfsjgzy-5275-pj', '8', 'mixed fresh vegetables for stir-frying or roasting.', '0'),
('70', 'smartphone gimbal', '3', 'dgtrs-4183-8d0', '1', 'stabilizing gimbal for smooth video recording.', '0'),
('71', 'puzzle game set', '14', 'jpbbzwapn-0247-kn', '11', 'challenging puzzle game set for family entertainment.', '1');

-- product_os
insert into product_os (id, name) values
('1', 'wear os'),
('2', 'tizen'),
('3', 'watchos'),
('4', 'fitbit os'),
('5', 'amazfit os'),
('6', 'garmin os'),
('7', 'rtos'),
('8', 'liteos'),
('9', 'zepp os'),
('10', 'zephyr os');

-- product_variations
insert into product_variations (id, product_id, watch_size_mm, watch_color, stock_quantity, price_cents, base_price_cents, image_name, display_size_mm, display_type, resolution_h_px, resolution_w_px, ram_bytes, rom_bytes, os_id, connectivity, battery_life_mah, water_resistance_value, water_resistance_unit, sensor, case_material, band_material, band_size_mm, band_color, weight_milligrams, release_date, stop_selling) values
('1', '31', '24', 'pink', '289', '313', '496', '/vita/atque.jsp', '74', 'fragrance', '600', '937', '3789', '127691', '10', 'lorawan', '2127', '44', 'mmhg (millimeters of mercury)', 'infrared sensor', 'silver', 'ceramic', '19', 'magenta', '177769', '2024-09-20 14:32:34', '0'),
('10', '65', '24', 'turquoise', '222', '16', '44', '/sitisque/depulsa/est/ipsa/legantur.torrent', '95', 'density', '608', '251', '8130', '70295', '7', 'bluetooth', '4327', '59', 'mmhg (millimeters of mercury)', 'accelerometer sensor', 'silicone', 'stainless steel', '20', 'silver', '108524', '2025-02-12 23:43:16', '1'),
('100', '9', '42', 'gunmetal', '301', '499', '269', '/mundi/quaeque/esse.md', '67', 'frequency', '728', '790', '7088', '11809', '7', 'wi-fi', '4907', '43', 'ipx (ingress protection rating)', 'light sensor', 'brass', 'carbon fiber', '14', 'lime', '167409', '2024-11-22 02:28:02', '1'),
('11', '33', '48', 'silver', '411', '240', '117', '/dolore/magna/aliqua/ut/constituam.ods', '31', 'shape', '1011', '364', '8464', '65063', '5', 'wigig', '3281', '42', 'bar', 'vibration sensor', 'gold', 'leather', '23', 'gray', '160674', '2024-12-10 12:20:29', '0'),
('12', '54', '40', 'purple', '223', '987', '134', '/et/futura/ut/enim/nominata.crt', '88', 'speed', '1055', '735', '4516', '97406', '7', 'nfc', '3711', '30', 'meters (m)', 'proximity sensor', 'brass', 'wood', '15', 'maroon', '84616', '2024-05-27 10:07:28', '1'),
('13', '64', '22', 'champagne', '711', '974', '274', '/si/cuius/in/mente/ut.asp', '71', 'speed', '1005', '569', '5338', '73631', '10', 'wigig', '4596', '99', 'bar', 'infrared sensor', 'brass', 'wood', '16', 'gray', '28518', '2024-11-17 10:31:23', '1'),
('14', '60', '43', 'yellow', '750', '791', '49', '/acutus/cum/discordia.key', '96', 'fit', '933', '1046', '10260', '69581', '2', 'sigfox', '4211', '33', 'mmhg (millimeters of mercury)', 'sound sensor', 'gold', 'stainless steel', '15', 'red', '93045', '2024-04-17 14:37:27', '1'),
('15', '8', '23', 'brown', '740', '914', '158', '/qui/quam.ogg', '90', 'speed', '607', '786', '14983', '34864', '9', 'usb', '4536', '0', 'din (deutsches institut für normung)', 'pressure sensor', 'brass', 'fabric', '18', 'navy', '31576', '2024-10-09 13:13:09', '1'),
('16', '1', '42', 'black', '464', '527', '219', '/dignitatis/esse/utilitas.cer', '74', 'brightness', '903', '282', '14550', '83524', '6', 'nfc', '2660', '33', 'ipx (ingress protection rating)', 'temperature sensor', 'bronze', 'fabric', '19', 'navy', '118399', '2024-04-20 21:22:36', '1'),
('17', '1', '43', 'gray', '813', '845', '419', '/ei/conveniunt.msh1', '49', 'flavor', '558', '1048', '12905', '41943', '1', 'wi-fi', '4921', '75', 'feet (ft)', 'ultrasonic sensor', 'silver', 'carbon fiber', '18', 'olive', '141390', '2024-07-23 23:12:49', '0'),
('18', '2', '47', 'purple', '654', '552', '272', '/reprimique/si.jpg', '75', 'weight', '909', '1006', '3034', '111937', '4', 'nb-iot', '2367', '68', 'din (deutsches institut für normung)', 'ultrasonic sensor', 'carbon fiber', 'wood', '23', 'aqua', '111456', '2024-10-21 10:47:31', '1'),
('19', '5', '40', 'gray', '576', '643', '495', '/delectari/dicat/latinas/esset.p12', '82', 'fragrance', '608', '317', '14291', '59747', '3', 'nb-iot', '1629', '7', 'mmhg (millimeters of mercury)', 'magnetic sensor', 'silver', 'resin', '21', 'green', '29488', '2025-02-03 10:14:32', '0'),
('2', '56', '37', 'gray', '303', '363', '446', '/sit/ita/ferri/ut/concursionibus/atque.nrg', '45', 'height', '894', '1015', '2906', '106591', '2', 'ethernet', '4090', '60', 'atm (atmospheres)', 'humidity sensor', 'plastic', 'wood', '14', 'navy', '170401', '2024-12-24 11:48:38', '0'),
('20', '26', '42', 'champagne', '233', '429', '238', '/praeclaram/beate/vivendi/nos.jsp', '67', 'fit', '284', '415', '6735', '104964', '8', 'wi-fi 6e', '2948', '91', 'ipx (ingress protection rating)', 'gyroscope sensor', 'gold', 'silicone', '17', 'maroon', '69383', '2024-07-29 01:47:01', '1'),
('21', '30', '47', 'brown', '780', '568', '402', '/amicos/esset.msh', '95', 'material', '274', '1018', '9162', '109043', '6', 'wi-fi + bluetooth', '2076', '45', 'meters (m)', 'gyroscope sensor', 'titanium', 'plastic', '18', 'teal', '70360', '2024-05-11 10:30:43', '0'),
('22', '6', '41', 'bronze', '84', '75', '337', '/contra/metum/religionis/maiores.mdf', '72', 'color', '553', '473', '10085', '79371', '5', 'sigfox', '2651', '42', 'meters (m)', 'ultrasonic sensor', 'stainless steel', 'mixed materials', '17', 'burgundy', '149418', '2024-10-04 03:07:12', '0'),
('23', '38', '20', 'champagne', '380', '382', '132', '/quae/suavitate/aliqua/naturam/sint.yml', '75', 'resolution', '953', '444', '12728', '37901', '8', 'lpwan', '759', '11', 'bar', 'color sensor', 'bronze', 'nylon', '21', 'navy', '65589', '2024-08-06 08:27:15', '1'),
('24', '52', '32', 'gray', '754', '250', '324', '/virtutem/usus.nrg', '63', 'shape', '913', '822', '7530', '6592', '10', 'wi-fi 6e', '2723', '30', 'meters (m)', 'gyroscope sensor', 'gold', 'stainless steel', '23', 'coral', '165305', '2025-01-27 06:20:10', '0'),
('25', '57', '30', 'magenta', '627', '160', '12', '/cupiditates/enim/sunt/insatiabiles/quae/enim.xls', '44', 'resolution', '894', '599', '8790', '92952', '9', 'nb-iot', '1727', '47', 'feet (ft)', 'humidity sensor', 'bronze', 'nylon', '15', 'beige', '183661', '2024-07-11 16:15:13', '0'),
('26', '36', '37', 'pink', '335', '221', '134', '/animi/omnium/rerum/occultarum/aspernatur.json', '70', 'aspect ratio', '288', '1018', '8121', '35182', '7', 'enocean', '2214', '53', 'ipx (ingress protection rating)', 'vibration sensor', 'polycarbonate', 'stainless steel', '20', 'magenta', '98996', '2024-09-01 16:33:01', '0'),
('27', '51', '43', 'champagne', '823', '801', '86', '/dolorem/idque/instituit/docere/sic/et.aac', '88', 'compatibility', '639', '705', '10621', '74731', '3', 'lorawan', '1538', '20', 'din (deutsches institut für normung)', 'gas sensor', 'tungsten', 'leather', '15', 'cyan', '195507', '2024-12-21 22:39:08', '0'),
('28', '49', '45', 'gold', '927', '858', '168', '/nobis/est/eligendi/optio/terentianus.xz', '73', 'material', '801', '873', '7492', '60028', '1', 'wi-fi 6e', '768', '83', 'atm (atmospheres)', 'accelerometer sensor', 'titanium', 'silicone', '18', 'silver', '182240', '2024-11-13 17:12:09', '1'),
('29', '27', '45', 'purple', '56', '253', '360', '/ego/arbitror/unum/vidisse/verum/vivendum.pub', '86', 'brightness', '485', '687', '7321', '78624', '4', 'wi-fi + bluetooth', '3985', '98', 'psi (pounds per square inch)', 'ultrasonic sensor', 'bronze', 'rubber', '19', 'pink', '12339', '2024-09-03 12:19:51', '0'),
('3', '61', '49', 'pink', '229', '232', '60', '/fidem/sensibus/confirmat/id/est/eo.bmp', '90', 'resolution', '1070', '447', '672', '113859', '9', 'nb-iot', '4307', '27', 'ipx (ingress protection rating)', 'ultrasonic sensor', 'bronze', 'wood', '22', 'magenta', '84187', '2024-10-03 23:00:13', '1'),
('30', '10', '38', 'red', '462', '989', '315', '/atomorum/in/commodo.sh', '73', 'port type', '644', '468', '10403', '44153', '2', 'infrared', '1486', '47', 'feet (ft)', 'gas sensor', 'tungsten', 'stainless steel', '18', 'green', '196240', '2024-10-14 15:21:08', '0'),
('31', '4', '35', 'gunmetal', '708', '596', '35', '/quam/propter.wmv', '74', 'frequency', '571', '903', '11258', '95881', '7', 'zigbee', '919', '32', 'meters (m)', 'smoke sensor', 'tungsten', 'leather', '18', 'pink', '47014', '2024-11-19 03:27:11', '0'),
('32', '29', '47', 'navy', '855', '475', '493', '/legat/ut.mshxml', '89', 'compatibility', '968', '392', '1069', '94335', '1', 'enocean', '593', '15', 'din (deutsches institut für normung)', 'pressure sensor', 'silicone', 'wood', '20', 'burgundy', '182966', '2024-09-25 11:04:13', '0'),
('33', '28', '39', 'brown', '750', '830', '259', '/modo/singulos/homines/sed/ea.asp', '39', 'surface', '481', '821', '7686', '39461', '2', 'sigfox', '2505', '27', 'ipx (ingress protection rating)', 'temperature sensor', 'bronze', 'nylon', '15', 'blue', '44483', '2024-10-06 15:31:15', '1'),
('34', '53', '28', 'white', '46', '748', '341', '/sanciret/militaris/imperii/primum.mdb', '80', 'resolution', '718', '500', '14202', '118355', '6', 'zigbee', '2340', '80', 'feet (ft)', 'pressure sensor', 'rubber', 'silver', '23', 'red', '187513', '2024-08-14 22:25:59', '0'),
('35', '37', '39', 'white', '538', '416', '339', '/recte/chrysippe/concessum/maxime.gz', '80', 'vibration', '608', '411', '6757', '111518', '8', 'z-wave', '2089', '80', 'meters (m)', 'smoke sensor', 'leather', 'resin', '21', 'cyan', '80798', '2024-05-14 22:00:34', '1'),
('36', '24', '40', 'magenta', '412', '896', '203', '/posset/fieri/minus/ita/ipsi.avi', '39', 'voltage', '834', '836', '7702', '8349', '4', 'ant+', '710', '48', 'atm (atmospheres)', 'light sensor', 'silver', 'plastic', '18', 'blue', '187088', '2024-10-09 12:56:33', '1'),
('37', '50', '31', 'silver', '359', '569', '184', '/non/sunt/vituperandae/nobis.wmv', '53', 'flavor', '407', '717', '15364', '60728', '10', 'bluetooth', '1031', '97', 'feet (ft)', 'temperature sensor', 'tungsten', 'gold', '21', 'brown', '144930', '2024-06-22 01:21:55', '0'),
('38', '15', '26', 'black', '892', '576', '1', '/amicorum/greges/quod/fit/etiam/explentur.zip', '68', 'compatibility', '331', '352', '3522', '86378', '3', 'wi-fi', '3998', '5', 'mmhg (millimeters of mercury)', 'gas sensor', 'titanium', 'stainless steel', '21', 'green', '48022', '2025-01-17 13:26:49', '0'),
('39', '44', '35', 'purple', '67', '352', '97', '/tantum/enim/esse/tertium.json', '46', 'pattern', '968', '707', '8879', '22142', '9', 'infrared', '2062', '58', 'atm (atmospheres)', 'light sensor', 'gold', 'resin', '23', 'white', '18730', '2024-12-05 15:14:04', '1'),
('4', '22', '30', 'gold', '866', '618', '344', '/conclusionemque/rationis/et/nec.accdb', '96', 'flavor', '782', '766', '12011', '104850', '6', 'lorawan', '4804', '4', 'bar', 'motion sensor', 'silver', 'nylon', '16', 'green', '183919', '2024-12-25 15:24:16', '0'),
('40', '70', '48', 'silver', '189', '215', '156', '/iudicari/sed/animo/etiam/dixit.msh1xml', '42', 'shape', '366', '977', '10468', '34756', '5', 'bluetooth', '529', '76', 'mmhg (millimeters of mercury)', 'smoke sensor', 'carbon fiber', 'wood', '14', 'red', '63120', '2024-08-24 07:07:04', '1'),
('41', '25', '38', 'black', '978', '936', '241', '/ipsa/ne/simulent/et/explicabo.rpm', '68', 'capacity', '496', '505', '15925', '17169', '4', 'wi-fi + bluetooth', '2028', '85', 'mmhg (millimeters of mercury)', 'humidity sensor', 'brass', 'gold', '14', 'orange', '33879', '2024-08-04 15:55:32', '1'),
('42', '11', '32', 'red', '568', '409', '197', '/et/et.asp', '94', 'frequency', '885', '857', '7586', '27649', '9', 'ethernet', '1943', '30', 'psi (pounds per square inch)', 'humidity sensor', 'leather', 'titanium', '15', 'navy', '26307', '2024-08-16 04:21:14', '1'),
('43', '45', '20', 'gray', '6', '755', '428', '/sed/tamen/satis/acuti/quam.msh2', '94', 'voltage', '813', '1078', '16329', '61589', '7', 'wi-fi', '3953', '82', 'meters (m)', 'accelerometer sensor', 'bronze', 'nylon', '15', 'white', '30605', '2024-05-01 04:00:32', '0'),
('44', '48', '20', 'blue', '838', '546', '437', '/ne/omnem.mdf', '40', 'brightness', '745', '1067', '3033', '50804', '6', 'nb-iot', '3532', '27', 'feet (ft)', 'tilt sensor', 'aluminum', 'ceramic', '22', 'brown', '65678', '2024-06-07 15:57:09', '1'),
('45', '46', '30', 'gold', '943', '677', '78', '/contra/perfruique.mp3', '94', 'volume', '242', '672', '1344', '67504', '1', 'zigbee', '1759', '61', 'feet (ft)', 'pressure sensor', 'titanium', 'gold', '20', 'coral', '163208', '2024-07-05 08:47:09', '0'),
('46', '17', '48', 'gold', '385', '25', '21', '/adolescens/ei/quippiam.jks', '54', 'material', '300', '407', '4928', '66945', '8', 'z-wave', '2228', '19', 'meters (m)', 'smoke sensor', 'carbon fiber', 'ceramic', '15', 'green', '180283', '2024-10-25 19:22:04', '1'),
('47', '43', '44', 'gunmetal', '651', '308', '120', '/nescius/brute/leniter.odf', '97', 'capacity', '306', '271', '10647', '119072', '10', 'thread', '4296', '40', 'bar', 'pressure sensor', 'aluminum', 'fabric', '20', 'silver', '165420', '2024-12-07 16:54:53', '0'),
('48', '14', '22', 'silver', '250', '513', '471', '/exeduntur/a/diis/inmortalibus/sine/non.mdf', '94', 'volume', '885', '683', '878', '63073', '2', 'wi-fi + bluetooth', '2322', '77', 'feet (ft)', 'image sensor', 'stainless steel', 'silicone', '20', 'yellow', '103588', '2024-12-14 02:03:29', '1'),
('49', '42', '21', 'white', '76', '760', '177', '/cum/iucunditate/quadam/percipitur/antiquis.conf', '91', 'size', '741', '765', '7228', '107140', '3', 'wi-fi + bluetooth', '3680', '70', 'din (deutsches institut für normung)', 'smoke sensor', 'gold', 'polyurethane', '20', 'lime', '191885', '2024-12-08 20:06:45', '0'),
('5', '41', '26', 'gray', '509', '237', '15', '/laudabilis/aut/expetendas/recte.jks', '77', 'pattern', '586', '862', '10677', '118992', '1', 'wi-fi + bluetooth', '714', '5', 'din (deutsches institut für normung)', 'color sensor', 'titanium', 'stainless steel', '14', 'navy', '31808', '2024-11-16 01:27:19', '0'),
('50', '39', '33', 'silver', '202', '756', '366', '/invenerit/aut/torquem/illum/nihil.iso', '99', 'color', '686', '768', '9305', '104762', '5', 'wigig', '4301', '60', 'din (deutsches institut für normung)', 'light sensor', 'stainless steel', 'leather', '19', 'orange', '169620', '2024-05-24 12:29:34', '1'),
('51', '58', '33', 'cobalt', '710', '238', '337', '/perspici/ut.rtf', '89', 'shape', '857', '1010', '15151', '60440', '9', '4g lte', '4132', '65', 'mmhg (millimeters of mercury)', 'pressure sensor', 'aluminum', 'titanium', '23', 'blue', '23314', '2024-05-10 07:46:29', '0'),
('52', '16', '49', 'pink', '357', '328', '468', '/ut/animadvertat/quanta/videantur.flac', '98', 'size', '773', '363', '6015', '50885', '8', 'wi-fi 6', '3659', '49', 'psi (pounds per square inch)', 'proximity sensor', 'titanium', 'titanium', '15', 'gold', '114681', '2024-03-03 04:35:31', '1'),
('53', '7', '33', 'white', '75', '57', '155', '/si/non/nominant.torrent', '93', 'style', '618', '346', '8018', '101495', '1', 'usb', '984', '55', 'bar', 'gas sensor', 'plastic', 'leather', '20', 'coral', '134401', '2024-04-01 22:31:43', '0'),
('54', '67', '44', 'red', '951', '425', '388', '/quae/mutat/ea/corrumpit/mundi.pdf', '42', 'material', '253', '495', '13285', '16479', '10', 'bluetooth', '2460', '97', 'feet (ft)', 'infrared sensor', 'stainless steel', 'silicone', '20', 'magenta', '138448', '2025-01-10 08:28:19', '1'),
('55', '66', '42', 'gray', '280', '376', '274', '/physicis/quibus/maxime/probatus.htm', '66', 'width', '731', '441', '10739', '67491', '3', 'z-wave', '4874', '13', 'bar', 'water level sensor', 'carbon fiber', 'rubber', '17', 'orange', '70921', '2025-02-10 04:05:32', '1'),
('56', '40', '23', 'blue', '150', '533', '142', '/non/possim/maximasque.ppt', '67', 'color', '851', '993', '15582', '71298', '6', 'bluetooth', '4805', '1', 'mmhg (millimeters of mercury)', 'infrared sensor', 'bronze', 'wood', '18', 'green', '123307', '2024-05-07 18:33:13', '1'),
('57', '12', '43', 'silver', '153', '448', '274', '/ipsam/optabilem/divitiarum.sig', '55', 'weight', '867', '446', '6538', '42615', '5', 'lpwan', '4225', '66', 'bar', 'gyroscope sensor', 'carbon fiber', 'fabric', '18', 'navy', '66332', '2024-03-29 13:34:23', '1'),
('58', '21', '30', 'rose gold', '103', '168', '286', '/eo/se.jpeg', '69', 'resolution', '948', '808', '16377', '123497', '7', 'thread', '4310', '20', 'din (deutsches institut für normung)', 'vibration sensor', 'plastic', 'fabric', '14', 'white', '49253', '2024-07-12 12:24:48', '0'),
('59', '9', '45', 'green', '856', '439', '226', '/epicurum/dicunt.url', '67', 'capacity', '788', '1063', '13183', '56679', '4', 'lorawan', '3508', '88', 'meters (m)', 'temperature sensor', 'aluminum', 'plastic', '14', 'blue', '92483', '2025-01-31 20:24:22', '0'),
('6', '35', '36', 'rose gold', '120', '346', '289', '/cyrenaicisque/est.pptx', '84', 'resolution', '1008', '458', '14058', '38900', '4', 'nb-iot', '1776', '49', 'bar', 'water level sensor', 'bronze', 'plastic', '18', 'pink', '137438', '2024-03-20 03:55:55', '0'),
('60', '3', '24', 'turquoise', '438', '273', '135', '/aliter/existimant/quos/quidem/video/si.mp4', '60', 'width', '285', '541', '4733', '40158', '2', 'z-wave', '1810', '52', 'atm (atmospheres)', 'proximity sensor', 'rubber', 'plastic', '19', 'yellow', '171098', '2024-11-06 14:13:24', '0'),
('61', '68', '37', 'rose gold', '537', '253', '263', '/utriusque/cum/multa/non/probo/epicuro.gif', '37', 'pattern', '408', '753', '3392', '84824', '1', 'usb', '1479', '56', 'atm (atmospheres)', 'proximity sensor', 'titanium', 'rubber', '23', 'purple', '26845', '2024-02-23 13:58:35', '0'),
('62', '32', '46', 'pink', '648', '761', '373', '/necessarius/de/amicitia/quam/erga.wav', '59', 'pattern', '679', '952', '11684', '107155', '4', 'wi-fi + bluetooth', '970', '69', 'ipx (ingress protection rating)', 'temperature sensor', 'titanium', 'wood', '17', 'magenta', '44185', '2024-03-13 13:01:45', '0'),
('63', '19', '31', 'brown', '890', '638', '286', '/modice/ferre/doceat/instructior.cmd', '76', 'finish', '543', '968', '8331', '7367', '2', 'nb-iot', '3904', '98', 'din (deutsches institut für normung)', 'smoke sensor', 'brass', 'ceramic', '15', 'turquoise', '196512', '2024-03-02 14:58:52', '1'),
('64', '13', '36', 'brown', '680', '276', '10', '/quorum/ille/iudicium/reformidans/ipsum.apk', '67', 'weight', '648', '1064', '6340', '28221', '6', 'ethernet', '1672', '6', 'ipx (ingress protection rating)', 'accelerometer sensor', 'ceramic', 'fabric', '20', 'yellow', '187740', '2024-10-19 10:26:03', '0'),
('65', '23', '45', 'purple', '590', '143', '333', '/quo/admirer/hoc.7z', '95', 'material', '799', '313', '15434', '17906', '5', 'bluetooth', '2239', '3', 'meters (m)', 'accelerometer sensor', 'carbon fiber', 'stainless steel', '23', 'magenta', '114616', '2024-11-15 20:44:33', '0'),
('66', '34', '25', 'orange', '453', '545', '383', '/percipi/dicunt/id.dmg', '55', 'volume', '894', '410', '2328', '82457', '8', '4g lte', '1812', '79', 'psi (pounds per square inch)', 'ultrasonic sensor', 'titanium', 'carbon fiber', '21', 'maroon', '130640', '2024-05-25 03:46:03', '1'),
('67', '55', '37', 'gray', '405', '148', '24', '/ei/responsum/cum/praeterita.msi', '78', 'size', '974', '294', '4953', '104285', '10', 'usb', '4925', '99', 'ipx (ingress protection rating)', 'ultrasonic sensor', 'aluminum', 'gold', '18', 'teal', '76678', '2024-03-03 19:27:02', '1'),
('68', '18', '49', 'black', '12', '663', '134', '/plus/habeat/sapiens/quod/ut.wmv', '96', 'power', '480', '677', '16017', '53182', '9', 'zigbee', '3894', '50', 'mmhg (millimeters of mercury)', 'gas sensor', 'stainless steel', 'resin', '14', 'maroon', '162791', '2024-05-19 11:42:52', '1'),
('69', '20', '33', 'green', '394', '709', '275', '/cum/tractat/ficta.psd1', '41', 'amperage', '645', '787', '7235', '5700', '7', 'lorawan', '4619', '21', 'din (deutsches institut für normung)', 'sound sensor', 'leather', 'mixed materials', '17', 'cyan', '162250', '2024-05-16 06:37:34', '1'),
('7', '59', '36', 'magenta', '370', '182', '15', '/atque/imperii/quid/t/torquatus/infinito.mp4', '40', 'finish', '862', '501', '1083', '17592', '3', '4g lte', '2627', '67', 'din (deutsches institut für normung)', 'pressure sensor', 'ceramic', 'plastic', '19', 'turquoise', '45555', '2024-04-02 12:46:35', '1'),
('70', '47', '23', 'black', '153', '239', '437', '/enim/nobis/vel/dicam/deditum.mp4', '51', 'flavor', '1021', '757', '943', '54756', '3', 'rfid', '1900', '11', 'mmhg (millimeters of mercury)', 'infrared sensor', 'rubber', 'resin', '16', 'red', '77443', '2024-04-10 16:00:45', '0'),
('71', '43', '42', 'white', '372', '767', '12', '/praesidia/firmissima/semper.msh2xml', '78', 'volume', '1008', '734', '3031', '76947', '5', '4g lte', '1484', '47', 'ipx (ingress protection rating)', 'pressure sensor', 'silver', 'leather', '17', 'purple', '119260', '2024-11-11 18:25:54', '0'),
('72', '47', '44', 'purple', '837', '624', '249', '/sententiam/quid/est/scribentur.dbf', '72', 'weight', '884', '350', '11768', '11186', '10', 'lorawan', '2450', '96', 'ipx (ingress protection rating)', 'sound sensor', 'aluminum', 'nylon', '22', 'red', '71965', '2025-01-21 09:53:05', '1'),
('73', '5', '36', 'yellow', '990', '480', '374', '/arte/laudatur/sic/quod.bin', '42', 'material', '782', '1063', '10911', '88764', '6', 'sigfox', '2849', '81', 'din (deutsches institut für normung)', 'water level sensor', 'carbon fiber', 'nylon', '18', 'cyan', '186288', '2024-06-05 09:57:13', '0'),
('74', '51', '36', 'gray', '474', '58', '72', '/bonorum/omnium/declarant.log', '93', 'resolution', '698', '784', '12182', '83117', '7', 'wi-fi 6e', '4406', '31', 'mmhg (millimeters of mercury)', 'image sensor', 'titanium', 'ceramic', '14', 'brown', '50055', '2024-12-24 22:36:29', '1'),
('75', '59', '22', 'bronze', '226', '888', '101', '/deserunt/mollit/non.jks', '91', 'width', '615', '372', '10942', '71429', '2', 'sigfox', '3768', '99', 'ipx (ingress protection rating)', 'pressure sensor', 'bronze', 'resin', '17', 'teal', '99148', '2024-08-21 11:58:14', '1'),
('76', '19', '46', 'red', '548', '557', '99', '/nihil/impedit/quo/te.html', '46', 'size', '859', '1007', '16137', '91752', '3', 'infrared', '3330', '23', 'ipx (ingress protection rating)', 'touch sensor', 'plastic', 'carbon fiber', '15', 'teal', '186831', '2024-10-23 19:03:17', '1'),
('77', '57', '29', 'gunmetal', '857', '59', '276', '/ne/statuam/quis.json', '63', 'finish', '981', '1023', '2424', '52766', '9', 'satellite', '1390', '36', 'ipx (ingress protection rating)', 'image sensor', 'stainless steel', 'resin', '21', 'orange', '43691', '2024-03-02 23:38:10', '0'),
('78', '56', '42', 'gunmetal', '389', '661', '381', '/mihi/legendam/ac.p12', '64', 'height', '594', '774', '11174', '116567', '1', 'nb-iot', '881', '16', 'meters (m)', 'image sensor', 'ceramic', 'plastic', '20', 'silver', '104873', '2024-12-15 15:06:58', '1'),
('79', '13', '22', 'bronze', '294', '921', '104', '/omnis/iste/natus/error/est.gz', '61', 'capacity', '1072', '778', '14186', '65200', '8', 'wi-fi', '2106', '75', 'atm (atmospheres)', 'temperature sensor', 'plastic', 'carbon fiber', '17', 'silver', '147025', '2024-09-21 13:34:18', '1'),
('8', '69', '31', 'white', '628', '578', '192', '/consuevit/iactare/quidem.img', '82', 'vibration', '947', '691', '11224', '49989', '8', 'ant+', '3968', '15', 'mmhg (millimeters of mercury)', 'accelerometer sensor', 'rubber', 'titanium', '20', 'blue', '128678', '2024-12-30 13:43:14', '1'),
('80', '54', '26', 'yellow', '906', '155', '430', '/illam/umbram/quod/appellant/fieri.msi', '43', 'fragrance', '328', '716', '9610', '44417', '4', 'usb', '4403', '43', 'atm (atmospheres)', 'tilt sensor', 'carbon fiber', 'silver', '17', 'navy', '193557', '2024-04-19 11:44:02', '0'),
('81', '70', '37', 'red', '16', '989', '245', '/ratio/late/patet/illud.msh2', '45', 'density', '729', '335', '10707', '118896', '3', 'wi-fi', '3937', '22', 'feet (ft)', 'color sensor', 'silver', 'resin', '14', 'teal', '34765', '2024-11-11 13:01:41', '0'),
('82', '28', '45', 'pink', '137', '487', '174', '/potest/nec/in/malis/discedere.tar', '38', 'finish', '449', '844', '16345', '25001', '9', 'z-wave', '3410', '42', 'mmhg (millimeters of mercury)', 'gas sensor', 'silicone', 'silver', '14', 'brown', '167205', '2025-02-10 02:14:30', '1'),
('83', '34', '49', 'bronze', '627', '165', '188', '/incurrunt/saepe/etiam/eiusmod.wma', '95', 'fragrance', '707', '411', '6708', '94796', '5', 'infrared', '2040', '10', 'psi (pounds per square inch)', 'gyroscope sensor', 'ceramic', 'stainless steel', '22', 'navy', '113142', '2024-03-23 03:10:36', '1'),
('84', '68', '34', 'silver', '898', '935', '57', '/voluptas/esset/quae/quasi/eum.pdf', '33', 'compatibility', '441', '471', '5996', '58119', '7', 'nb-iot', '1374', '82', 'ipx (ingress protection rating)', 'magnetic sensor', 'silver', 'carbon fiber', '16', 'orange', '185231', '2024-05-26 03:53:19', '0'),
('85', '61', '38', 'turquoise', '342', '545', '41', '/aut/interesset.xhtml', '87', 'brightness', '501', '762', '10691', '123883', '1', 'wi-fi 6e', '4238', '3', 'din (deutsches institut für normung)', 'infrared sensor', 'tungsten', 'stainless steel', '20', 'gray', '50191', '2024-12-31 19:21:33', '0'),
('86', '62', '41', 'champagne', '418', '967', '116', '/morbis/vitae/iucunditas/impeditur/quanto/si.db', '76', 'shape', '794', '1050', '13103', '58038', '2', 'usb', '2626', '41', 'ipx (ingress protection rating)', 'touch sensor', 'bronze', 'gold', '20', 'magenta', '58566', '2025-02-20 02:13:56', '1'),
('87', '38', '43', 'navy', '990', '560', '191', '/homo/sententiam.avi', '56', 'connectivity', '312', '456', '9101', '96505', '6', 'wigig', '1288', '94', 'din (deutsches institut für normung)', 'accelerometer sensor', 'gold', 'titanium', '20', 'teal', '191787', '2024-05-18 12:51:14', '0'),
('88', '8', '38', 'silver', '950', '512', '26', '/nostram/cum.zip', '31', 'resolution', '314', '637', '7699', '98124', '8', 'nb-iot', '2580', '3', 'psi (pounds per square inch)', 'water level sensor', 'polycarbonate', 'mixed materials', '18', 'gray', '23376', '2024-07-18 17:40:33', '0'),
('89', '39', '38', 'rose gold', '787', '411', '308', '/quas/qui/tenent/te.gz', '74', 'color', '305', '318', '7155', '21557', '4', 'zigbee', '3396', '4', 'meters (m)', 'color sensor', 'stainless steel', 'ceramic', '21', 'turquoise', '112595', '2024-07-29 11:37:56', '1'),
('9', '62', '48', 'gray', '564', '645', '448', '/omne/certamen/qui.md', '61', 'volume', '391', '503', '16095', '110979', '5', 'rfid', '1947', '69', 'feet (ft)', 'sound sensor', 'aluminum', 'ceramic', '22', 'aqua', '46528', '2024-12-19 18:11:58', '0'),
('90', '2', '42', 'cobalt', '630', '629', '439', '/tu/mentitum/aut/zenonem/tum.tar', '97', 'height', '696', '443', '1792', '96085', '10', 'lorawan', '4036', '79', 'ipx (ingress protection rating)', 'humidity sensor', 'plastic', 'silver', '20', 'aqua', '28064', '2024-06-11 05:51:38', '1'),
('91', '53', '45', 'navy', '953', '575', '476', '/percussit/filium/aegritudines.torrent', '75', 'weight', '584', '964', '1620', '18917', '3', 'nfc', '2324', '87', 'din (deutsches institut für normung)', 'color sensor', 'carbon fiber', 'fabric', '23', 'gold', '98782', '2024-06-02 13:14:59', '0'),
('92', '41', '34', 'navy', '292', '887', '456', '/est/ullum/quo/deterritum.p12', '61', 'color', '1022', '932', '15816', '69272', '8', 'rfid', '4606', '91', 'din (deutsches institut für normung)', 'pressure sensor', 'stainless steel', 'plastic', '20', 'blue', '91104', '2024-06-17 14:01:29', '1'),
('93', '36', '30', 'black', '823', '484', '421', '/haec/nisi/iusto.md', '54', 'volume', '965', '422', '13216', '14621', '2', 'lpwan', '4645', '13', 'mmhg (millimeters of mercury)', 'pressure sensor', 'aluminum', 'polyurethane', '15', 'yellow', '196167', '2025-02-13 08:49:47', '1'),
('94', '69', '21', 'white', '445', '905', '174', '/epicuri/ratio/eo.bat', '62', 'shape', '600', '544', '6433', '28717', '9', 'bluetooth', '1659', '83', 'meters (m)', 'motion sensor', 'gold', 'silver', '21', 'black', '100657', '2024-08-24 00:41:49', '0'),
('95', '33', '20', 'magenta', '701', '895', '2', '/angere/praeterea/pacuvii.conf', '81', 'style', '616', '947', '9047', '127840', '5', '4g lte', '2113', '58', 'feet (ft)', 'motion sensor', 'aluminum', 'fabric', '15', 'gold', '121169', '2024-03-26 10:47:47', '0'),
('96', '26', '24', 'brown', '204', '617', '463', '/vel/e.html', '96', 'resolution', '248', '745', '14993', '63864', '1', '5g', '2764', '35', 'meters (m)', 'proximity sensor', 'bronze', 'plastic', '16', 'gold', '56421', '2024-10-02 19:43:27', '1'),
('97', '22', '46', 'champagne', '407', '738', '320', '/falso/distinctio/traditur/restat/locus/non.wma', '92', 'port type', '1079', '628', '13977', '120199', '4', 'thread', '881', '54', 'ipx (ingress protection rating)', 'image sensor', 'tungsten', 'wood', '20', 'coral', '18838', '2024-09-02 22:59:09', '0'),
('98', '15', '31', 'pink', '735', '390', '71', '/nostrum/posidonium/quid/quorum.key', '96', 'weight', '265', '1064', '8381', '100465', '10', 'lpwan', '3719', '85', 'bar', 'infrared sensor', 'tungsten', 'silicone', '22', 'red', '121230', '2024-04-24 10:36:37', '0'),
('99', '21', '37', 'cobalt', '308', '271', '353', '/permagna/accessio/potest/si/electram.xlsx', '30', 'frequency', '954', '406', '8293', '82287', '6', 'thread', '4740', '15', 'psi (pounds per square inch)', 'humidity sensor', 'carbon fiber', 'ceramic', '17', 'pink', '193100', '2024-03-24 07:23:10', '1');

-- product_instances
insert into product_instances (sku, product_variation_id, goods_receipt_note_id, is_sold) values
('dwl-5626-ey', '39', '6', '0'),
('fqr-1217-oz', '3', '7', '0'),
('ujv-3866-ej', '77', '3', '0'),
('gre-0701-cb', '62', '8', '0'),
('iuu-4167-sv', '92', '2', '1'),
('bjq-7928-ow', '16', '9', '0'),
('bgn-2900-vm', '81', '5', '1'),
('yqt-1300-dw', '44', '1', '0'),
('cof-7322-ok', '49', '4', '1'),
('uyz-1653-gh', '48', '10', '0'),
('gge-9881-wh', '33', '9', '0'),
('ket-3953-cu', '80', '1', '1'),
('vor-9343-pm', '9', '7', '0'),
('ypc-8073-gg', '67', '4', '1'),
('sly-2449-di', '95', '3', '1'),
('vwg-4117-pp', '75', '6', '0'),
('lru-6801-uo', '71', '8', '1'),
('pmi-1725-ww', '56', '2', '1'),
('mpj-9769-he', '51', '5', '1'),
('rrs-6847-gf', '4', '10', '0'),
('dhw-4447-tr', '93', '2', '0'),
('gnx-3902-tg', '10', '9', '0'),
('xrp-1403-mz', '70', '5', '1'),
('utx-3149-kl', '61', '1', '0'),
('mry-8508-is', '100', '4', '0'),
('iom-2862-yv', '91', '10', '0'),
('ofz-8131-ts', '53', '6', '1'),
('cbp-8834-ox', '97', '7', '0'),
('gcc-4546-kn', '98', '3', '0'),
('bsh-3612-sc', '54', '8', '0'),
('vew-9062-jw', '31', '2', '1'),
('fdq-6272-cq', '85', '5', '0'),
('chw-6634-kz', '24', '10', '1'),
('zwf-9667-rc', '32', '9', '1'),
('qcp-6813-iw', '15', '1', '1'),
('huo-8942-cj', '74', '7', '0'),
('jqp-3884-lq', '17', '4', '1'),
('zlv-5777-tj', '99', '3', '0'),
('agk-6526-ix', '90', '6', '1'),
('mna-8109-nv', '42', '8', '0'),
('msv-0447-ne', '69', '10', '0'),
('bit-9053-yj', '96', '3', '0'),
('aww-8889-ut', '5', '6', '0'),
('fey-0447-ta', '18', '5', '0'),
('cry-1957-hs', '72', '7', '1'),
('qrs-6551-kz', '46', '4', '1'),
('dtw-0426-zf', '79', '2', '1'),
('chn-5480-in', '94', '9', '1'),
('rdb-8899-ld', '35', '8', '0'),
('rri-9708-ew', '57', '1', '0'),
('idp-0765-ou', '22', '4', '1'),
('ptj-4419-nm', '45', '3', '0'),
('gza-7428-ug', '43', '5', '0'),
('tye-8910-zg', '21', '8', '0'),
('ntr-3880-mi', '63', '7', '1'),
('dbw-1695-qk', '23', '2', '1'),
('uew-7166-ha', '40', '9', '1'),
('gyx-8198-my', '55', '1', '0'),
('ugw-8996-ok', '88', '10', '1'),
('yts-4981-ds', '2', '6', '1'),
('vxp-4094-ph', '65', '3', '1'),
('ora-6851-pf', '84', '5', '0'),
('bnq-2576-yd', '64', '1', '0'),
('eze-5045-oc', '34', '7', '1'),
('pqn-1814-uw', '58', '2', '0'),
('uls-6684-tq', '28', '6', '0'),
('hbv-2394-ra', '86', '4', '1'),
('bdn-2371-do', '60', '9', '1'),
('ytd-4859-fp', '36', '8', '0'),
('tye-4676-kr', '89', '10', '1'),
('gbv-3145-vn', '19', '3', '0'),
('zzf-0738-si', '14', '8', '1'),
('gcu-7779-zu', '41', '2', '0'),
('iiv-3653-su', '50', '9', '0'),
('uzs-5131-ug', '83', '5', '1'),
('tui-8022-lt', '13', '1', '0'),
('npm-5715-tr', '30', '4', '1'),
('lcg-4306-jy', '25', '10', '1'),
('zxu-2989-ev', '37', '6', '0'),
('hpi-8185-nx', '76', '7', '1'),
('txb-9561-eg', '29', '6', '0'),
('xic-6776-ik', '1', '7', '1'),
('tdq-0904-gs', '66', '3', '0'),
('jou-0667-ma', '82', '8', '1'),
('hky-7843-ch', '12', '2', '1'),
('dyw-2835-ue', '59', '9', '0'),
('vvo-3846-ow', '11', '5', '1'),
('dmz-1393-br', '27', '1', '0'),
('dcn-0528-qv', '20', '4', '1'),
('ojd-2935-dz', '52', '10', '0'),
('dyl-1147-ge', '78', '9', '1'),
('bme-4979-eb', '73', '7', '1'),
('wvn-9538-ou', '68', '6', '0'),
('bvq-7603-oc', '7', '1', '0'),
('nxj-1787-sh', '47', '8', '1'),
('ngn-1699-co', '8', '10', '1'),
('pmb-3760-lf', '26', '2', '0'),
('nok-0936-eh', '38', '3', '0'),
('eiv-8402-gd', '87', '5', '0'),
('qnv-8449-hm', '6', '4', '1');

-- carts
insert into carts (user_id, product_variation_id, quantity) values
('15', '12', '85'),
('57', '11', '97'),
('44', '82', '35'),
('21', '24', '10'),
('1', '91', '78'),
('20', '38', '17'),
('64', '16', '25'),
('80', '27', '12'),
('39', '21', '53'),
('66', '92', '47'),
('6', '22', '57'),
('49', '95', '88'),
('25', '56', '47'),
('12', '89', '68'),
('28', '18', '58'),
('90', '97', '56'),
('11', '59', '54'),
('95', '43', '51'),
('8', '35', '37'),
('14', '85', '7'),
('91', '83', '26'),
('75', '5', '46'),
('5', '9', '32'),
('9', '23', '97'),
('72', '6', '25'),
('13', '64', '82'),
('19', '100', '51'),
('83', '28', '96'),
('43', '47', '61'),
('67', '15', '56'),
('78', '2', '75'),
('4', '52', '76'),
('60', '74', '9'),
('97', '29', '6'),
('73', '61', '43'),
('7', '62', '13'),
('53', '94', '74'),
('70', '37', '51'),
('62', '1', '95'),
('32', '88', '51'),
('31', '68', '74'),
('79', '69', '52'),
('36', '99', '94'),
('92', '80', '71'),
('54', '60', '14'),
('76', '8', '8'),
('30', '20', '39'),
('23', '10', '93'),
('74', '86', '13'),
('56', '96', '35');

-- order_delivery_states
insert into order_delivery_states (id, name) values
('1', 'order placed'),
('2', 'order confirmed'),
('3', 'processing'),
('4', 'shipped'),
('5', 'out for delivery'),
('6', 'delivered'),
('7', 'canceled'),
('8', 'returned');

-- orders
insert into orders (id, user_id, total_cents, delivery_address, delivery_state_id, order_date, estimate_received_date, received_date) values
('1', '48', '4003', '9832 netherwood place', '2', '2024-06-13 11:53:50', '2024-06-18 10:02:11', '2024-06-20 11:23:10'),
('2', '87', '5126', '1331 eleanor lane', '6', '2024-08-21 09:49:44', '2024-08-29 22:20:47', '2024-08-30 08:10:25'),
('3', '11', '4876', '14876 unicorn lane', '1', '2024-10-02 08:52:42', '2024-10-08 23:02:13', '2024-10-17 08:08:42'),
('4', '53', '4494', '12579 arthur place', '4', '2025-02-10 23:45:49', '2025-02-15 06:46:35', '2025-02-17 03:00:21'),
('5', '59', '5830', '5858 radclife berea place', '3', '2024-12-18 00:15:20', '2024-12-20 13:06:18', '2024-12-21 02:06:26'),
('6', '35', '4224', '4428 pinnacle place', '8', '2024-10-10 16:07:31', '2024-10-12 01:05:21', '2024-10-12 21:24:05'),
('7', '24', '5289', '5049 marsh court', '5', '2024-02-21 13:45:57', '2024-02-26 23:21:24', '2024-03-06 05:40:07'),
('8', '93', '5501', '7100 coronaca court', '7', '2024-08-27 19:39:35', '2024-09-01 12:56:01', '2024-09-05 10:49:55'),
('9', '61', '3856', '9478 petoskey place', '7', '2024-05-23 15:50:02', '2024-05-25 23:21:19', '2024-05-31 15:12:59'),
('10', '80', '4166', '13786 tall trees lane', '3', '2024-04-29 09:10:29', '2024-05-01 02:26:57', '2024-05-02 21:54:45'),
('11', '83', '4749', '12345 carlton lane', '8', '2025-02-19 00:56:49', '2025-02-25 19:21:19', '2025-03-03 20:02:07'),
('12', '27', '4781', '7341 creekside circle', '2', '2024-12-08 09:12:29', '2024-12-18 09:01:33', '2024-12-22 12:42:17'),
('13', '6', '5773', '6400 palm crest way', '5', '2024-04-03 21:12:01', '2024-04-11 19:37:23', '2024-04-12 11:05:09'),
('14', '7', '4676', '513 delk drive', '1', '2024-09-14 14:15:22', '2024-09-18 07:22:10', '2024-09-20 13:06:30'),
('15', '52', '5250', '692 stonebrook lane', '4', '2024-06-25 04:15:12', '2024-07-03 16:23:17', '2024-07-08 12:46:24'),
('16', '88', '6023', '1938 zentko street', '6', '2024-03-01 14:41:17', '2024-03-06 02:08:50', '2024-03-14 06:19:12'),
('17', '67', '4806', '14967 altamaha court', '1', '2024-07-09 04:40:03', '2024-07-18 01:52:20', '2024-07-23 19:13:25'),
('18', '98', '5501', '11243 jason drive', '2', '2024-11-23 13:34:07', '2024-11-24 22:42:19', '2024-11-25 10:15:38'),
('19', '76', '6048', '11245 veronica court', '5', '2024-07-01 16:34:49', '2024-07-09 03:13:46', '2024-07-18 18:06:20'),
('20', '96', '3764', '4402 prue court', '4', '2024-08-10 18:23:37', '2024-08-11 14:07:05', '2024-08-17 23:47:07'),
('21', '100', '5285', '8221 central street', '6', '2024-06-13 05:02:57', '2024-06-19 04:39:28', '2024-06-26 01:41:07'),
('22', '8', '5202', '2928 lozano avenue', '8', '2024-08-25 06:31:22', '2024-08-28 13:15:10', '2024-08-30 14:25:50'),
('23', '72', '4512', '10918 cottageville lane', '7', '2024-06-17 22:55:16', '2024-06-27 00:45:37', '2024-07-02 03:32:03'),
('24', '89', '4368', '566 eduardo place', '3', '2024-11-06 15:14:50', '2024-11-07 08:14:36', '2024-11-09 05:22:14'),
('25', '20', '4654', '4954 tisot way', '7', '2024-11-18 19:52:29', '2024-11-23 15:06:37', '2024-11-26 23:06:22'),
('26', '29', '6054', '6727 kelley margaret place', '4', '2024-09-11 03:03:03', '2024-09-12 00:30:32', '2024-09-21 15:19:17'),
('27', '54', '4131', '8882 pelion place', '2', '2024-08-11 09:14:27', '2024-08-11 21:58:56', '2024-08-18 15:14:27'),
('28', '15', '5859', '10613 stewart loop', '8', '2024-09-09 01:16:49', '2024-09-11 05:45:28', '2024-09-15 14:36:28'),
('29', '25', '5188', '8702 manion terrace', '1', '2024-02-26 05:17:10', '2024-03-05 18:46:55', '2024-03-13 09:57:55'),
('30', '17', '4703', '9648 irmo lane', '3', '2024-06-11 14:28:52', '2024-06-12 08:06:44', '2024-06-15 03:48:43'),
('31', '33', '4563', '3288 elijah loop', '6', '2025-01-13 18:02:08', '2025-01-20 12:31:09', '2025-01-24 16:56:53'),
('32', '55', '4529', '2389 ellerslie court', '5', '2025-02-09 23:14:00', '2025-02-15 02:20:50', '2025-02-21 20:57:42'),
('33', '14', '4591', '14891 churchill downs', '8', '2025-01-21 19:04:26', '2025-01-29 12:46:47', '2025-02-03 01:17:08'),
('34', '4', '5914', '5921 larranaga drive', '7', '2025-02-01 11:37:44', '2025-02-04 22:34:48', '2025-02-08 23:47:48'),
('35', '99', '4799', '10802 norfolk avenue', '3', '2024-11-14 03:38:51', '2024-11-20 21:10:18', '2024-11-27 23:46:37'),
('36', '79', '6140', '10099 baez way', '1', '2024-10-08 23:06:20', '2024-10-12 07:49:01', '2024-10-19 21:50:29'),
('37', '78', '5034', '11555 lauren lane', '2', '2024-04-22 13:31:51', '2024-04-27 05:39:25', '2024-05-06 01:57:39'),
('38', '65', '4583', '14418 lauren lane', '5', '2024-07-11 23:38:22', '2024-07-17 20:49:29', '2024-07-25 20:07:23'),
('39', '81', '4842', '13150 southern sun drive', '4', '2024-11-11 05:50:57', '2024-11-18 18:40:59', '2024-11-19 18:50:38'),
('40', '18', '4109', '177 hogan court', '6', '2024-07-28 19:41:08', '2024-07-30 17:58:34', '2024-08-07 20:53:39'),
('41', '23', '5091', '11475 pivanka avenue', '6', '2024-11-10 18:46:07', '2024-11-12 08:42:29', '2024-11-13 09:18:59'),
('42', '36', '4887', '11221 powderville place', '4', '2024-05-11 05:09:22', '2024-05-14 08:34:46', '2024-05-21 18:47:08'),
('43', '62', '5072', '2460 altamaha court', '8', '2024-12-31 01:21:50', '2025-01-04 00:06:13', '2025-01-07 17:46:44'),
('44', '40', '4402', '5775 ralph road', '3', '2024-08-30 07:51:16', '2024-09-05 01:52:50', '2024-09-08 11:58:29'),
('45', '31', '4372', '13860 buttonwood run', '5', '2024-09-01 08:32:22', '2024-09-07 21:50:17', '2024-09-17 17:07:46'),
('46', '19', '4773', '771 coults circle', '1', '2024-12-17 18:22:16', '2024-12-25 00:39:11', '2024-12-27 20:51:14'),
('47', '38', '5855', '3410 notch avenue', '7', '2024-08-28 03:33:18', '2024-08-30 14:15:32', '2024-09-01 01:38:03'),
('48', '12', '6169', '5337 kempton place', '2', '2025-02-04 09:06:04', '2025-02-04 19:24:22', '2025-02-06 16:30:37'),
('49', '39', '4585', '1972 glenda place', '8', '2024-09-27 17:40:37', '2024-09-30 14:13:58', '2024-10-06 12:21:13'),
('50', '77', '5067', '4069 rowe place', '5', '2025-02-09 11:55:28', '2025-02-11 09:29:41', '2025-02-14 21:57:39'),
('51', '94', '5087', '10470 poplaski place', '7', '2024-05-12 20:04:22', '2024-05-14 09:04:51', '2024-05-16 07:36:05'),
('52', '1', '4566', '13005 gentle terrace', '2', '2024-07-31 20:48:03', '2024-07-31 21:19:37', '2024-08-01 00:43:58'),
('53', '63', '3873', '2873 holley terrace', '6', '2025-01-28 01:30:54', '2025-02-05 20:02:49', '2025-02-14 02:41:25'),
('54', '32', '5431', '14365 vanceboro court', '1', '2025-02-21 02:24:39', '2025-02-28 20:48:25', '2025-03-03 18:39:50'),
('55', '28', '5861', '12703 mountville court', '4', '2024-10-21 20:29:26', '2024-10-23 10:32:41', '2024-10-26 04:59:30'),
('56', '44', '5266', '3792 bartram loop', '3', '2024-12-19 09:42:07', '2024-12-27 02:06:55', '2025-01-01 03:42:17'),
('57', '49', '5143', '12162 nantuket terrace', '3', '2024-12-05 20:20:08', '2024-12-13 14:23:44', '2024-12-19 04:58:34'),
('58', '91', '5835', '3093 strawbridge street', '6', '2024-05-20 03:49:43', '2024-05-26 23:05:27', '2024-06-03 01:31:06'),
('59', '82', '5767', '9425 dillon lane', '8', '2024-03-11 19:24:37', '2024-03-12 03:45:13', '2024-03-17 23:44:47'),
('60', '50', '4149', '13741 addison avenue', '2', '2024-08-25 20:51:26', '2024-08-30 17:07:01', '2024-09-02 22:17:46'),
('61', '10', '5908', '12926 teaberry lane', '5', '2024-07-16 02:43:57', '2024-07-23 02:33:08', '2024-07-23 05:23:31'),
('62', '95', '4278', '1596 fonseca way', '1', '2024-12-04 19:44:31', '2024-12-11 06:23:15', '2024-12-19 17:48:28'),
('63', '86', '4138', '5579 tallsman court', '7', '2024-09-07 07:10:52', '2024-09-11 01:01:10', '2024-09-15 16:05:35'),
('64', '75', '3922', '1185 reevesville lane', '4', '2024-05-19 17:05:54', '2024-05-20 01:49:38', '2024-05-27 23:44:57'),
('65', '45', '5323', '14934 tellfier terrace', '3', '2024-08-01 11:17:29', '2024-08-05 10:45:51', '2024-08-13 01:32:42'),
('66', '58', '5613', '13031 millican avenue', '1', '2024-08-07 04:52:13', '2024-08-07 18:46:43', '2024-08-13 05:52:54'),
('67', '56', '4411', '4778 mandrake street', '2', '2024-07-14 08:50:29', '2024-07-22 23:39:44', '2024-07-23 19:12:59'),
('68', '73', '3822', '505 topping terrace', '5', '2025-01-27 20:52:55', '2025-01-29 12:48:17', '2025-02-06 04:26:54'),
('69', '5', '6236', '10594 gullberry place', '4', '2025-01-17 20:58:03', '2025-01-25 23:21:11', '2025-02-02 18:23:23'),
('70', '13', '6230', '325 anthony terrace', '6', '2024-12-24 17:40:40', '2024-12-26 06:40:59', '2024-12-28 01:18:07'),
('71', '22', '4128', '7889 edisto lane', '8', '2024-07-13 15:21:20', '2024-07-23 03:24:14', '2024-08-01 06:59:22'),
('72', '60', '4063', '9363 cook place', '7', '2024-09-03 23:03:41', '2024-09-09 21:11:43', '2024-09-14 05:43:36'),
('73', '26', '5767', '11996 wisteria street', '5', '2024-03-22 07:58:41', '2024-03-29 15:38:19', '2024-04-01 11:37:19'),
('74', '97', '3921', '13743 melendez way', '1', '2024-09-30 03:08:54', '2024-10-07 23:57:17', '2024-10-08 13:44:29'),
('75', '57', '4835', '13663 keith lane', '4', '2024-04-24 10:09:09', '2024-04-25 04:19:54', '2024-04-28 19:09:21'),
('76', '42', '4906', '6366 bay meadows circle', '6', '2024-12-10 10:48:09', '2024-12-15 19:09:49', '2024-12-19 06:03:33'),
('77', '43', '3857', '11175 williamsburg avenue', '7', '2024-03-17 10:17:21', '2024-03-23 10:08:30', '2024-04-01 22:31:16'),
('78', '34', '5687', '2237 jeffcoat court', '3', '2024-04-24 14:44:46', '2024-04-26 12:17:21', '2024-05-03 22:28:44'),
('79', '2', '4304', '6971 arango way', '8', '2024-05-03 09:05:32', '2024-05-08 05:11:53', '2024-05-08 14:24:02'),
('80', '71', '5717', '10906 gibbes way', '2', '2024-11-19 08:02:55', '2024-11-19 21:45:04', '2024-11-25 06:02:42'),
('81', '16', '4929', '4056 day drive', '6', '2024-06-25 20:59:26', '2024-07-05 07:49:34', '2024-07-14 01:48:11'),
('82', '41', '5448', '5841 rhapsody path', '5', '2024-12-05 11:47:54', '2024-12-09 14:35:40', '2024-12-11 04:40:17'),
('83', '9', '3778', '5697 vandemark street', '8', '2024-06-03 10:10:05', '2024-06-08 13:24:00', '2024-06-13 19:50:47'),
('84', '90', '3842', '14029 murphy''s estate drive', '7', '2024-09-09 15:50:29', '2024-09-10 19:41:36', '2024-09-20 14:52:56'),
('85', '64', '4566', '979 amherst way', '3', '2025-02-02 07:04:47', '2025-02-11 18:35:42', '2025-02-14 19:40:15'),
('86', '46', '4877', '3782 contreras lane', '1', '2024-12-22 14:18:55', '2024-12-26 00:57:01', '2024-12-31 23:24:41'),
('87', '30', '5317', '10754 st. michael lane', '4', '2025-01-10 01:40:12', '2025-01-12 08:18:17', '2025-01-14 18:50:25'),
('88', '74', '4775', '11124 bellamy lane', '2', '2025-02-17 02:33:32', '2025-02-19 22:32:52', '2025-02-25 12:43:59'),
('89', '37', '5762', '14423 sunset ridge drive', '8', '2024-06-21 02:59:23', '2024-06-24 04:14:17', '2024-06-30 19:23:09'),
('90', '47', '5901', '11939 lancelot terrace', '7', '2024-12-26 04:55:28', '2025-01-04 06:15:48', '2025-01-12 08:12:37'),
('91', '21', '5762', '2926 buttercup way', '2', '2025-01-05 21:33:49', '2025-01-06 16:59:49', '2025-01-14 14:16:00'),
('92', '92', '5274', '13789 mercer way', '1', '2024-11-23 21:01:05', '2024-11-26 18:54:04', '2024-12-03 17:59:38'),
('93', '66', '5362', '9346 cajon court', '6', '2024-02-22 06:10:26', '2024-03-01 02:28:02', '2024-03-10 06:57:17'),
('94', '85', '6063', '2711 kasper court', '4', '2024-08-04 08:49:12', '2024-08-04 11:06:22', '2024-08-08 15:44:50'),
('95', '51', '4447', '10838 san jose place', '3', '2024-09-06 09:46:33', '2024-09-06 19:40:31', '2024-09-16 03:48:27'),
('96', '69', '4006', '9690 harmony circle', '5', '2024-08-31 03:29:11', '2024-09-01 18:56:12', '2024-09-06 23:02:13'),
('97', '70', '5720', '12485 wettstein way', '6', '2024-08-11 10:05:19', '2024-08-14 18:42:13', '2024-08-20 10:43:50'),
('98', '68', '5537', '11491 shaw street', '7', '2024-03-14 04:16:55', '2024-03-18 19:02:16', '2024-03-25 19:59:02'),
('99', '84', '3781', '8737 gilbert place', '2', '2024-02-22 04:58:22', '2024-03-02 06:08:21', '2024-03-04 07:32:34'),
('100', '3', '5860', '12299 alesio street', '3', '2024-04-30 16:44:13', '2024-05-09 22:16:34', '2024-05-18 17:47:03');

-- order_items
insert into order_items (id, order_id, product_instance_sku, price_cents) values
('98', '68', 'txb-9561-eg', '61'),
('55', '91', 'mpj-9769-he', '61'),
('40', '57', 'rdb-8899-ld', '61'),
('11', '41', 'bnq-2576-yd', '61'),
('15', '15', 'jqp-3884-lq', '60'),
('13', '69', 'fqr-1217-oz', '60'),
('2', '61', 'hky-7843-ch', '60'),
('76', '59', 'xrp-1403-mz', '59'),
('58', '80', 'hbv-2394-ra', '59'),
('50', '27', 'uzs-5131-ug', '59'),
('26', '42', 'ytd-4859-fp', '59'),
('65', '25', 'gza-7428-ug', '58'),
('62', '35', 'pmb-3760-lf', '58'),
('39', '21', 'bjq-7928-ow', '58'),
('31', '8', 'fey-0447-ta', '58'),
('27', '100', 'vvo-3846-ow', '58'),
('100', '19', 'qcp-6813-iw', '57'),
('92', '23', 'nok-0936-eh', '57'),
('82', '99', 'gnx-3902-tg', '57'),
('80', '79', 'bdn-2371-do', '57'),
('52', '64', 'cof-7322-ok', '57'),
('47', '53', 'yqt-1300-dw', '57'),
('48', '74', 'ypc-8073-gg', '56'),
('22', '39', 'bit-9053-yj', '56'),
('12', '22', 'dtw-0426-zf', '56'),
('90', '37', 'ujv-3866-ej', '55'),
('87', '40', 'ntr-3880-mi', '55'),
('71', '52', 'huo-8942-cj', '55'),
('67', '96', 'ora-6851-pf', '55'),
('44', '70', 'ojd-2935-dz', '55'),
('42', '49', 'ket-3953-cu', '55'),
('35', '92', 'eze-5045-oc', '55'),
('70', '32', 'zxu-2989-ev', '54'),
('53', '95', 'zzf-0738-si', '54'),
('38', '30', 'uls-6684-tq', '54'),
('25', '62', 'bvq-7603-oc', '54'),
('84', '88', 'pmi-1725-ww', '53'),
('37', '48', 'agk-6526-ix', '53'),
('10', '4', 'npm-5715-tr', '53'),
('89', '12', 'zlv-5777-tj', '52'),
('77', '34', 'iiv-3653-su', '52'),
('73', '55', 'tye-8910-zg', '52'),
('51', '86', 'iuu-4167-sv', '52'),
('17', '82', 'uyz-1653-gh', '52'),
('78', '36', 'dbw-1695-qk', '51'),
('63', '83', 'gcu-7779-zu', '51'),
('32', '2', 'dhw-4447-tr', '51'),
('85', '9', 'jou-0667-ma', '50'),
('36', '63', 'hpi-8185-nx', '50'),
('34', '29', 'rrs-6847-gf', '50'),
('23', '14', 'chw-6634-kz', '50'),
('19', '10', 'mna-8109-nv', '50'),
('14', '60', 'gyx-8198-my', '50'),
('91', '33', 'vxp-4094-ph', '49'),
('86', '6', 'rri-9708-ew', '49'),
('60', '13', 'gre-0701-cb', '49'),
('24', '24', 'ptj-4419-nm', '49'),
('5', '31', 'lru-6801-uo', '49'),
('46', '28', 'nxj-1787-sh', '48'),
('64', '66', 'bgn-2900-vm', '47'),
('49', '65', 'dyl-1147-ge', '47'),
('43', '84', 'cbp-8834-ox', '47'),
('28', '89', 'qnv-8449-hm', '47'),
('8', '58', 'iom-2862-yv', '47'),
('68', '43', 'fdq-6272-cq', '46'),
('45', '73', 'gge-9881-wh', '46'),
('83', '45', 'eiv-8402-gd', '45'),
('81', '16', 'qrs-6551-kz', '45'),
('69', '90', 'vew-9062-jw', '45'),
('57', '94', 'aww-8889-ut', '45'),
('30', '47', 'uew-7166-ha', '45'),
('21', '78', 'ngn-1699-co', '45'),
('18', '26', 'gcc-4546-kn', '45'),
('9', '98', 'cry-1957-hs', '45'),
('1', '87', 'xic-6776-ik', '45'),
('95', '93', 'pqn-1814-uw', '44'),
('75', '67', 'bsh-3612-sc', '44'),
('74', '5', 'tui-8022-lt', '44'),
('94', '54', 'vwg-4117-pp', '43'),
('93', '3', 'ugw-8996-ok', '42'),
('56', '38', 'tdq-0904-gs', '42'),
('7', '75', 'zwf-9667-rc', '42'),
('4', '81', 'utx-3149-kl', '42'),
('72', '11', 'bme-4979-eb', '41'),
('59', '71', 'lcg-4306-jy', '41'),
('54', '77', 'vor-9343-pm', '41'),
('33', '97', 'dwl-5626-ey', '41'),
('6', '50', 'msv-0447-ne', '41'),
('99', '76', 'ofz-8131-ts', '40'),
('88', '18', 'dyw-2835-ue', '40'),
('66', '7', 'tye-4676-kr', '40'),
('41', '17', 'mry-8508-is', '40'),
('97', '56', 'dcn-0528-qv', '39'),
('96', '85', 'dmz-1393-br', '38'),
('79', '46', 'idp-0765-ou', '38'),
('20', '72', 'wvn-9538-ou', '38'),
('61', '51', 'yts-4981-ds', '37'),
('29', '44', 'sly-2449-di', '37'),
('16', '20', 'chn-5480-in', '37'),
('3', '1', 'gbv-3145-vn', '37');

set foreign_key_checks = 1;