-- ⚠️⚠️⚠️⚠️ BECAUSE OF MOCKING, DATA CAN BE NOT REALISTIC BASE ON REALITY, USE WITH CAUTION ⚠️⚠️⚠️⚠️
set foreign_key_checks = 0;

insert into carts (user_id, product_variation_id, quantity) values
('56', '25', '26'),
('49', '11', '99'),
('85', '67', '73'),
('42', '14', '71'),
('34', '28', '6'),
('70', '10', '83'),
('5', '3', '15'),
('31', '41', '86'),
('87', '19', '84'),
('27', '78', '20'),
('23', '40', '14'),
('61', '31', '28'),
('13', '52', '28'),
('18', '77', '27'),
('90', '32', '77'),
('77', '35', '96'),
('89', '21', '8'),
('80', '56', '67'),
('79', '88', '22'),
('58', '48', '99'),
('51', '84', '90'),
('32', '75', '30'),
('69', '57', '64'),
('19', '42', '24'),
('75', '13', '90'),
('78', '76', '88'),
('62', '8', '70'),
('100', '97', '76'),
('46', '58', '33'),
('66', '61', '46'),
('93', '16', '16'),
('84', '5', '74'),
('2', '63', '77'),
('38', '43', '70'),
('97', '81', '25'),
('12', '91', '29'),
('6', '66', '49'),
('72', '27', '76'),
('29', '33', '46'),
('39', '95', '5'),
('88', '79', '69'),
('68', '23', '85'),
('4', '85', '59'),
('54', '90', '19'),
('43', '45', '71'),
('81', '36', '21'),
('48', '83', '23'),
('99', '64', '77'),
('9', '4', '94'),
('82', '7', '85');


insert into goods_receipt_notes (id, name, provider_id, staff_id, total_price_cents, quantity, created_at) values
('1', 'supplier shipment 009', '5', '93', '28285', '276', '2024-02-20 09:43:57'),
('2', 'delivery note 008', '1', '52', '396904', '733', '2024-02-20 09:50:27'),
('3', 'purchase order receipt 004', '3', '98', '227469', '831', '2024-02-20 09:55:15'),
('4', 'received shipment 014', '4', '89', '137467', '102', '2024-02-20 10:04:09'),
('5', 'product intake 010', '2', '31', '518565', '708', '2024-02-20 10:08:56'),
('6', 'received shipment 014', '1', '23', '733758', '78', '2024-02-20 10:13:28'),
('7', 'warehouse entry 005', '2', '29', '162657', '814', '2024-02-20 10:23:24'),
('8', 'item arrival 011', '5', '65', '828496', '922', '2024-02-20 10:26:08'),
('9', 'vendor delivery note 015', '4', '7', '726595', '210', '2024-02-20 10:28:02'),
('10', 'purchase order receipt 004', '3', '60', '623714', '719', '2024-02-20 10:34:25');


insert into order_delivery_states (id, name) values
('1', 'order placed'),
('2', 'order confirmed'),
('3', 'processing'),
('4', 'shipped'),
('5', 'out for delivery'),
('6', 'delivered'),
('7', 'canceled'),
('8', 'returned');


insert into order_items (order_id, product_instance_sku, price_cents) values
('13', 'znz-6623-wm', '47'),
('29', 'zbq-9731-iv', '59'),
('93', 'yxj-4686-us', '54'),
('20', 'ykw-4896-lu', '37'),
('97', 'yia-7593-vk', '50'),
('68', 'yge-8074-ne', '57'),
('49', 'yaa-8459-ye', '47'),
('47', 'xzj-3644-lr', '59'),
('65', 'xlo-5499-wh', '37'),
('88', 'xkv-8704-fa', '38'),
('8', 'xkg-2545-js', '44'),
('76', 'xaw-7840-uo', '48'),
('14', 'wzd-4390-hs', '56'),
('62', 'wtr-0581-ys', '50'),
('71', 'wqj-5968-ss', '48'),
('26', 'wcb-5209-ip', '37'),
('100', 'vmy-5099-ca', '43'),
('78', 'vag-0461-qh', '39'),
('85', 'unm-7335-wy', '37'),
('31', 'ugm-6579-at', '51'),
('27', 'tqy-9735-fc', '58'),
('54', 'tdp-0601-dk', '58'),
('70', 'stf-6905-xk', '46'),
('64', 'slz-4604-zz', '45'),
('83', 'sif-0922-at', '46'),
('30', 'rxs-8820-nn', '39'),
('94', 'rqh-9492-im', '37'),
('45', 'rjy-8669-wp', '41'),
('98', 'qlw-1663-rs', '52'),
('9', 'qkc-6407-hy', '55'),
('11', 'pzb-2417-ny', '55'),
('42', 'pqe-3746-mx', '50'),
('41', 'pjn-8746-lq', '61'),
('52', 'pgw-6520-mj', '57'),
('51', 'oqv-2166-mo', '40'),
('99', 'ofn-5128-ns', '60'),
('25', 'oel-6755-if', '50'),
('24', 'nzy-7841-uz', '37'),
('61', 'nzr-6845-vr', '47'),
('19', 'nxj-9196-rn', '44'),
('10', 'ntp-6317-bs', '46'),
('56', 'nne-6383-ru', '48'),
('60', 'njz-9221-ki', '47'),
('18', 'nhf-7108-jn', '59'),
('75', 'nbb-2229-pt', '53'),
('53', 'mvc-3384-sf', '47'),
('59', 'mtq-0717-sv', '54'),
('22', 'mrt-5440-wv', '47'),
('87', 'mpg-9816-un', '49'),
('16', 'mbv-6517-gs', '51'),
('35', 'mah-8310-bm', '42'),
('4', 'lul-3786-vc', '58'),
('86', 'lrg-2535-vi', '41'),
('3', 'lld-9567-pb', '44'),
('28', 'lkt-6724-yh', '53'),
('44', 'lep-7883-vc', '39'),
('2', 'lax-0923-ue', '44'),
('12', 'kox-4030-ua', '49'),
('77', 'koh-1705-af', '51'),
('91', 'kbi-1203-jc', '61'),
('96', 'kas-1788-vn', '48'),
('55', 'jpy-3692-bj', '37'),
('36', 'jpw-2002-rg', '52'),
('74', 'jlh-8225-oi', '44'),
('69', 'izy-7113-yo', '40'),
('34', 'izr-7194-pf', '61'),
('95', 'ixf-6844-ys', '50'),
('66', 'iww-9404-lc', '50'),
('37', 'inl-0702-vx', '61'),
('79', 'ilz-7397-hy', '43'),
('72', 'ilg-4692-uw', '42'),
('7', 'iki-2083-cu', '39'),
('17', 'hzl-6941-qk', '48'),
('5', 'hqu-1468-qp', '59'),
('92', 'hmt-2305-ui', '39'),
('1', 'hhh-2125-rl', '59'),
('84', 'hdy-1398-ha', '61'),
('40', 'gxn-0264-zo', '54'),
('80', 'gtz-6383-qd', '38'),
('57', 'gkr-6130-ys', '50'),
('33', 'ghn-6740-us', '58'),
('39', 'gda-5971-xv', '38'),
('58', 'gak-7115-up', '41'),
('38', 'fhl-5381-np', '49'),
('6', 'evz-1179-ge', '43'),
('73', 'ett-2147-oz', '59'),
('43', 'eeb-0451-mu', '56'),
('89', 'dzi-5544-zp', '60'),
('21', 'dnr-9798-jo', '37'),
('48', 'dmf-9039-kz', '47'),
('32', 'cxk-5803-zh', '57'),
('81', 'cuy-8557-wq', '49'),
('63', 'cke-7822-mz', '43'),
('15', 'bri-2563-ar', '42'),
('46', 'bol-6659-jp', '45'),
('50', 'bof-3611-dd', '58'),
('82', 'bin-1052-vx', '40'),
('23', 'bec-9231-hj', '44'),
('90', 'aph-3365-hm', '52'),
('67', 'anr-7541-aq', '44');


insert into orders (id, user_id, total_cents, delivery_address_id, delivery_state_id, order_date, estimate_received_date, received_date) values
('1', '20', '5443', '31', '5', '2024-10-27 06:06:35', '2024-11-02 22:01:35', '2024-11-03 17:26:03'),
('2', '58', '5750', '71', '6', '2024-09-02 16:37:50', '2024-09-06 13:16:27', '2024-09-08 13:31:20'),
('3', '40', '4035', '11', '7', '2024-11-11 05:28:44', '2024-11-16 10:35:47', '2024-11-19 11:26:47'),
('4', '18', '4302', '20', '2', '2024-10-30 10:30:53', '2024-11-01 13:42:16', '2024-11-11 02:59:42'),
('5', '25', '5213', '57', '3', '2024-11-01 08:07:13', '2024-11-05 15:59:00', '2024-11-12 14:42:38'),
('6', '68', '6139', '43', '1', '2024-04-24 16:37:42', '2024-04-26 18:41:20', '2024-05-06 08:43:02'),
('7', '8', '6166', '19', '8', '2024-10-15 15:22:24', '2024-10-19 13:08:31', '2024-10-28 22:53:28'),
('8', '72', '3835', '39', '4', '2024-03-21 09:13:00', '2024-03-30 11:14:24', '2024-04-02 09:52:00'),
('9', '32', '3947', '54', '5', '2024-11-27 00:26:47', '2024-12-04 02:34:15', '2024-12-06 20:18:18'),
('10', '10', '4908', '8', '7', '2024-03-28 01:24:53', '2024-04-05 16:56:34', '2024-04-10 16:09:27'),
('11', '59', '4295', '12', '1', '2024-12-29 00:57:51', '2025-01-05 03:59:10', '2025-01-09 19:18:35'),
('12', '47', '5649', '48', '2', '2024-11-21 14:32:41', '2024-11-21 21:12:32', '2024-11-27 01:02:12'),
('13', '74', '6112', '10', '6', '2024-11-15 11:04:26', '2024-11-24 18:00:38', '2024-11-29 19:50:29'),
('14', '13', '3889', '72', '8', '2024-03-30 11:36:28', '2024-04-05 22:02:09', '2024-04-15 01:14:34'),
('15', '79', '6115', '17', '4', '2024-11-18 03:55:21', '2024-11-23 01:16:30', '2024-12-01 14:57:35'),
('16', '65', '5109', '22', '3', '2024-03-31 23:46:31', '2024-04-05 02:27:40', '2024-04-05 04:23:50'),
('17', '53', '3770', '67', '6', '2024-06-21 18:52:37', '2024-06-24 05:54:59', '2024-07-01 17:26:35'),
('18', '64', '4404', '70', '5', '2024-07-27 07:12:02', '2024-08-02 19:03:20', '2024-08-06 20:14:54'),
('19', '93', '6203', '77', '8', '2024-07-29 16:00:02', '2024-08-03 02:21:24', '2024-08-11 10:35:23'),
('20', '56', '5005', '4', '7', '2024-06-01 01:20:45', '2024-06-03 10:10:46', '2024-06-06 21:37:34'),
('21', '99', '5812', '66', '3', '2024-09-13 08:57:37', '2024-09-21 05:46:21', '2024-09-26 08:41:02'),
('22', '83', '4274', '53', '1', '2024-10-31 03:45:22', '2024-11-09 06:26:21', '2024-11-16 04:56:36'),
('23', '69', '4654', '85', '4', '2025-02-16 09:44:41', '2025-02-22 16:02:58', '2025-03-03 08:17:51'),
('24', '39', '5082', '58', '2', '2025-01-17 14:02:35', '2025-01-21 15:01:39', '2025-01-25 05:19:33'),
('25', '76', '4075', '59', '5', '2024-09-30 21:50:52', '2024-10-10 11:02:10', '2024-10-11 00:32:34'),
('26', '6', '5761', '100', '7', '2024-08-11 02:17:00', '2024-08-16 07:56:39', '2024-08-25 06:15:50'),
('27', '81', '5863', '41', '1', '2024-06-07 20:47:25', '2024-06-11 02:52:52', '2024-06-12 11:56:14'),
('28', '90', '5693', '27', '2', '2024-04-13 21:01:49', '2024-04-16 03:45:57', '2024-04-17 08:38:05'),
('29', '4', '5214', '18', '6', '2024-07-17 02:12:11', '2024-07-18 02:59:08', '2024-07-22 01:57:43'),
('30', '26', '4361', '82', '8', '2024-08-16 20:43:04', '2024-08-17 01:09:15', '2024-08-22 22:47:29'),
('31', '73', '4350', '23', '4', '2024-10-29 11:04:40', '2024-11-07 02:07:17', '2024-11-10 22:12:49'),
('32', '34', '3807', '97', '3', '2024-05-26 07:26:58', '2024-05-28 16:58:39', '2024-06-01 02:44:59'),
('33', '71', '5753', '25', '2', '2024-03-03 14:39:27', '2024-03-07 04:50:33', '2024-03-07 14:31:57'),
('34', '89', '4412', '78', '5', '2024-10-09 04:05:50', '2024-10-16 07:22:09', '2024-10-23 18:11:00'),
('35', '50', '3834', '14', '4', '2024-07-02 10:58:01', '2024-07-06 20:56:10', '2024-07-11 23:01:45'),
('36', '24', '5144', '24', '6', '2024-08-16 13:59:58', '2024-08-23 09:05:00', '2024-08-23 18:25:36'),
('37', '49', '3906', '64', '8', '2024-08-03 20:15:27', '2024-08-10 19:09:31', '2024-08-14 10:59:13'),
('38', '23', '5871', '62', '7', '2024-09-28 14:23:23', '2024-10-06 19:39:40', '2024-10-08 04:53:33'),
('39', '62', '5020', '73', '3', '2024-06-07 11:08:23', '2024-06-08 12:34:16', '2024-06-12 17:20:59'),
('40', '22', '4042', '28', '1', '2024-09-14 18:48:37', '2024-09-18 02:41:09', '2024-09-18 11:45:33'),
('41', '55', '5302', '7', '5', '2024-03-19 09:38:34', '2024-03-22 05:20:24', '2024-03-24 04:28:19'),
('42', '98', '4818', '44', '4', '2024-09-06 23:32:21', '2024-09-10 19:55:23', '2024-09-12 21:20:59'),
('43', '28', '4626', '91', '6', '2024-04-02 14:05:44', '2024-04-03 14:00:02', '2024-04-12 03:20:11'),
('44', '67', '5982', '76', '8', '2024-11-22 06:47:28', '2024-11-25 00:02:09', '2024-11-26 08:38:05'),
('45', '36', '4484', '99', '7', '2024-08-17 20:15:05', '2024-08-25 14:53:16', '2024-08-30 17:48:03'),
('46', '5', '6105', '35', '3', '2024-08-04 20:36:17', '2024-08-12 13:01:53', '2024-08-18 08:54:28'),
('47', '27', '5703', '84', '1', '2024-09-29 03:31:29', '2024-09-30 19:13:13', '2024-10-04 21:35:23'),
('48', '78', '5691', '2', '2', '2024-07-11 08:56:29', '2024-07-15 17:20:17', '2024-07-15 22:02:15'),
('49', '17', '4562', '21', '5', '2024-10-01 00:03:29', '2024-10-07 21:43:59', '2024-10-10 17:16:21'),
('50', '91', '3817', '74', '1', '2025-01-03 12:21:50', '2025-01-09 14:15:23', '2025-01-12 12:38:22'),
('51', '84', '5326', '83', '4', '2024-10-09 02:09:57', '2024-10-13 07:08:55', '2024-10-17 23:48:02'),
('52', '97', '6154', '92', '6', '2024-06-19 00:12:11', '2024-06-27 20:34:56', '2024-06-29 15:34:58'),
('53', '3', '4470', '68', '7', '2024-03-23 19:21:27', '2024-03-31 14:16:04', '2024-04-08 20:38:37'),
('54', '1', '4300', '81', '3', '2024-05-13 05:01:09', '2024-05-13 09:05:09', '2024-05-17 02:00:36'),
('55', '44', '4368', '80', '8', '2024-06-27 15:27:17', '2024-06-30 19:56:54', '2024-07-03 07:11:02'),
('56', '60', '4988', '50', '2', '2025-02-07 22:01:18', '2025-02-08 16:33:15', '2025-02-11 10:11:45'),
('57', '2', '5616', '96', '1', '2024-07-14 17:33:15', '2024-07-15 23:12:26', '2024-07-17 00:27:42'),
('58', '87', '3773', '56', '4', '2024-04-06 12:25:19', '2024-04-15 11:38:01', '2024-04-22 06:58:19'),
('59', '57', '4254', '5', '3', '2024-09-21 13:17:55', '2024-09-27 08:14:57', '2024-09-29 17:40:11'),
('60', '92', '5210', '15', '8', '2024-09-12 23:06:31', '2024-09-16 18:31:26', '2024-09-25 16:21:01'),
('61', '88', '5871', '75', '5', '2024-05-08 21:28:31', '2024-05-12 23:31:39', '2024-05-22 16:47:04'),
('62', '46', '4913', '61', '7', '2024-07-10 18:49:00', '2024-07-15 16:54:11', '2024-07-24 17:46:27'),
('63', '48', '5911', '63', '2', '2024-05-29 22:00:42', '2024-06-07 16:35:16', '2024-06-09 21:43:32'),
('64', '80', '4824', '34', '6', '2024-06-18 10:38:44', '2024-06-19 07:23:26', '2024-06-20 15:43:26'),
('65', '15', '6109', '86', '5', '2024-10-22 01:19:59', '2024-10-22 16:06:35', '2024-10-24 01:42:20'),
('66', '82', '4853', '3', '8', '2024-09-14 20:09:51', '2024-09-23 06:30:22', '2024-09-23 20:50:02'),
('67', '95', '5197', '89', '7', '2024-06-14 06:41:09', '2024-06-14 07:28:49', '2024-06-16 09:44:54'),
('68', '38', '4575', '9', '3', '2024-05-30 12:37:26', '2024-06-05 06:02:53', '2024-06-09 06:01:02'),
('69', '75', '5304', '45', '1', '2024-05-22 16:45:42', '2024-05-22 19:26:22', '2024-05-28 01:10:49'),
('70', '96', '4309', '65', '4', '2024-06-17 14:10:55', '2024-06-21 08:44:58', '2024-06-23 16:32:08'),
('71', '70', '5012', '47', '2', '2024-12-09 06:09:33', '2024-12-16 19:52:26', '2024-12-17 05:33:33'),
('72', '45', '4909', '52', '6', '2024-11-22 04:04:37', '2024-11-30 20:20:23', '2024-12-02 15:23:11'),
('73', '16', '4006', '51', '8', '2024-07-07 10:17:28', '2024-07-15 09:08:55', '2024-07-20 17:28:28'),
('74', '51', '5395', '33', '7', '2024-08-14 07:51:32', '2024-08-14 09:39:55', '2024-08-16 18:48:41'),
('75', '42', '5839', '90', '3', '2024-07-01 04:42:39', '2024-07-10 22:00:45', '2024-07-20 10:56:37'),
('76', '37', '4333', '37', '1', '2024-02-26 10:05:47', '2024-03-06 10:08:20', '2024-03-16 07:14:20'),
('77', '100', '4473', '60', '2', '2024-08-18 23:11:46', '2024-08-19 03:53:59', '2024-08-23 05:59:25'),
('78', '63', '4252', '36', '5', '2024-06-09 23:19:47', '2024-06-09 23:39:26', '2024-06-14 10:48:17'),
('79', '43', '4658', '32', '4', '2024-05-12 06:15:50', '2024-05-18 02:31:13', '2024-05-25 02:38:15'),
('80', '33', '4508', '16', '6', '2024-04-30 04:53:32', '2024-05-04 11:22:50', '2024-05-08 21:49:34'),
('81', '35', '5263', '93', '7', '2024-08-09 11:16:37', '2024-08-16 04:25:32', '2024-08-16 20:45:40'),
('82', '19', '4205', '29', '3', '2024-06-19 16:35:37', '2024-06-22 11:21:33', '2024-06-27 12:50:37'),
('83', '86', '4616', '49', '1', '2024-07-08 22:45:58', '2024-07-10 18:28:11', '2024-07-18 06:00:14'),
('84', '12', '3999', '87', '4', '2024-05-21 23:22:17', '2024-05-25 00:56:07', '2024-05-29 11:04:16'),
('85', '14', '3913', '13', '2', '2024-11-19 09:44:22', '2024-11-21 17:52:02', '2024-11-28 09:39:16'),
('86', '94', '6210', '38', '6', '2024-11-23 07:42:10', '2024-11-27 17:00:19', '2024-12-04 17:03:10'),
('87', '54', '5405', '40', '5', '2024-11-07 05:42:52', '2024-11-16 14:40:48', '2024-11-24 20:33:16'),
('88', '66', '4654', '79', '8', '2024-09-07 10:06:43', '2024-09-09 00:06:32', '2024-09-17 10:48:29'),
('89', '30', '4434', '88', '8', '2024-10-12 15:46:38', '2024-10-17 09:17:41', '2024-10-18 11:25:13'),
('90', '85', '6246', '95', '7', '2024-05-25 07:47:09', '2024-05-27 05:11:04', '2024-06-02 21:47:19'),
('91', '29', '4486', '1', '3', '2024-08-26 02:24:37', '2024-08-29 18:25:21', '2024-09-03 08:14:47'),
('92', '7', '5582', '26', '1', '2024-11-20 11:51:11', '2024-11-23 05:21:43', '2024-11-26 06:05:47'),
('93', '9', '4485', '42', '4', '2024-10-10 09:33:50', '2024-10-20 02:33:14', '2024-10-21 15:33:08'),
('94', '52', '4918', '30', '2', '2024-11-07 01:43:49', '2024-11-10 08:42:23', '2024-11-19 16:09:30'),
('95', '61', '5099', '98', '6', '2024-07-17 20:38:17', '2024-07-21 07:16:29', '2024-07-28 16:53:09'),
('96', '11', '4749', '69', '5', '2024-04-22 11:10:31', '2024-04-26 17:13:13', '2024-05-06 11:57:25'),
('97', '31', '5676', '6', '6', '2024-05-06 05:43:56', '2024-05-06 20:20:37', '2024-05-16 02:27:35'),
('98', '21', '5560', '46', '4', '2025-02-08 02:55:31', '2025-02-10 18:47:25', '2025-02-15 18:26:43'),
('99', '77', '6226', '55', '3', '2025-01-29 19:18:34', '2025-02-06 22:28:36', '2025-02-08 18:00:45'),
('100', '41', '6012', '94', '5', '2025-02-19 19:47:35', '2025-02-23 23:37:02', '2025-02-28 17:28:05');


insert into permissions (id, action_name, action_code) values
('1', 'create product', 'create_product'),
('10', 'read product category', 'read_product_category'),
('11', 'update product category', 'update_product_category'),
('12', 'delete product category', 'delete_product_category'),
('13', 'create product os', 'create_product_os'),
('14', 'read product os', 'read_product_os'),
('15', 'update product os', 'update_product_os'),
('16', 'delete product os', 'delete_product_os'),
('17', 'create product variation', 'create_product_variation'),
('18', 'read product variation', 'read_product_variation'),
('19', 'update product variation', 'update_product_variation'),
('2', 'read product', 'read_product'),
('20', 'delete product variation', 'delete_product_variation'),
('21', 'create product instance', 'create_product_instance'),
('22', 'read product instance', 'read_product_instance'),
('23', 'update product instance', 'update_product_instance'),
('24', 'delete product instance', 'delete_product_instance'),
('25', 'create provider', 'create_provider'),
('26', 'read provider', 'read_provider'),
('27', 'update provider', 'update_provider'),
('28', 'delete provider', 'delete_provider'),
('29', 'create goods receipt note', 'create_goods_receipt_note'),
('3', 'update product', 'update_product'),
('30', 'read goods receipt note', 'read_goods_receipt_note'),
('31', 'update goods receipt note', 'update_goods_receipt_note'),
('32', 'delete goods receipt note', 'delete_goods_receipt_note'),
('33', 'create user', 'create_user'),
('34', 'read user', 'read_user'),
('35', 'update user', 'update_user'),
('36', 'delete user', 'delete_user'),
('37', 'create user address', 'create_user_address'),
('38', 'read user address', 'read_user_address'),
('39', 'update user address', 'update_user_address'),
('4', 'delete product', 'delete_product'),
('40', 'delete user address', 'delete_user_address'),
('41', 'create user role', 'create_user_role'),
('42', 'read user role', 'read_user_role'),
('43', 'update user role', 'update_user_role'),
('44', 'delete user role', 'delete_user_role'),
('45', 'create role', 'create_role'),
('46', 'read role', 'read_role'),
('47', 'update role', 'update_role'),
('48', 'delete role', 'delete_role'),
('49', 'create role permission', 'create_role_permission'),
('5', 'create product brand', 'create_product_brand'),
('50', 'read role permission', 'read_role_permission'),
('51', 'update role permission', 'update_role_permission'),
('52', 'delete role permission', 'delete_role_permission'),
('53', 'create permission', 'create_permission'),
('54', 'read permission', 'read_permission'),
('55', 'update permission', 'update_permission'),
('56', 'delete permission', 'delete_permission'),
('57', 'create cart', 'create_cart'),
('58', 'read cart', 'read_cart'),
('59', 'update cart', 'update_cart'),
('6', 'read product brand', 'read_product_brand'),
('60', 'delete cart', 'delete_cart'),
('61', 'create order', 'create_order'),
('62', 'read order', 'read_order'),
('63', 'update order', 'update_order'),
('64', 'delete order', 'delete_order'),
('65', 'create order item', 'create_order_item'),
('66', 'read order item', 'read_order_item'),
('67', 'update order item', 'update_order_item'),
('68', 'delete order item', 'delete_order_item'),
('69', 'create order delivery state', 'create_order_delivery_state'),
('7', 'update product brand', 'update_product_brand'),
('70', 'read order delivery state', 'read_order_delivery_state'),
('71', 'update order delivery state', 'update_order_delivery_state'),
('72', 'delete order delivery state', 'delete_order_delivery_state'),
('8', 'delete product brand', 'delete_product_brand'),
('9', 'create product category', 'create_product_category');


insert into product_brands (id, name) values
('1', 'apple'),
('10', 'pepsi'),
('11', 'toyota'),
('12', 'honda'),
('13', 'bmw'),
('14', 'mercedes-benz'),
('15', 'intel'),
('16', 'cisco'),
('17', 'oracle'),
('18', 'dell'),
('19', 'hp'),
('2', 'samsung'),
('20', 'lenovo'),
('21', 'lg'),
('22', 'panasonic'),
('23', 'philips'),
('24', 'procter & gamble'),
('25', 'unilever'),
('3', 'nike'),
('4', 'adidas'),
('5', 'sony'),
('6', 'microsoft'),
('7', 'google'),
('8', 'amazon'),
('9', 'coca-cola');


insert into product_categories (id, name) values
('1', 'fitness tracker'),
('2', 'smartwatch'),
('3', 'health band'),
('4', 'luxury smartwatch'),
('5', 'budget smart band'),
('6', 'hybrid smartwatch'),
('7', 'sports watch'),
('8', 'children''s smartwatch'),
('9', 'fashion smartband'),
('10', 'outdoor gps watch'),
('11', 'heart rate monitor band'),
('12', 'activity tracker'),
('13', 'smart bracelet');


insert into product_instances (sku, product_variation_id, goods_receipt_note_id, is_sold) values
('mtq-0717-sv', '28', '2', '0'),
('unm-7335-wy', '66', '6', '0'),
('ntp-6317-bs', '80', '8', '1'),
('vag-0461-qh', '8', '4', '1'),
('oqv-2166-mo', '67', '10', '1'),
('nxj-9196-rn', '10', '3', '0'),
('bol-6659-jp', '79', '9', '1'),
('cke-7822-mz', '86', '5', '0'),
('bec-9231-hj', '85', '7', '0'),
('lkt-6724-yh', '21', '1', '0'),
('sif-0922-at', '24', '6', '1'),
('ofn-5128-ns', '98', '4', '1'),
('dmf-9039-kz', '64', '9', '0'),
('cxk-5803-zh', '73', '8', '0'),
('gak-7115-up', '94', '10', '0'),
('wqj-5968-ss', '17', '3', '1'),
('wtr-0581-ys', '40', '5', '1'),
('iki-2083-cu', '32', '1', '0'),
('znz-6623-wm', '47', '7', '1'),
('ilg-4692-uw', '9', '2', '0'),
('hzl-6941-qk', '26', '5', '1'),
('lep-7883-vc', '52', '7', '0'),
('jlh-8225-oi', '36', '10', '1'),
('gda-5971-xv', '77', '2', '0'),
('kbi-1203-jc', '1', '9', '1'),
('kas-1788-vn', '7', '6', '1'),
('njz-9221-ki', '31', '1', '0'),
('eeb-0451-mu', '2', '4', '1'),
('wzd-4390-hs', '74', '3', '1'),
('mpg-9816-un', '59', '8', '0'),
('ixf-6844-ys', '54', '5', '0'),
('hmt-2305-ui', '99', '10', '1'),
('pjn-8746-lq', '95', '6', '1'),
('mvc-3384-sf', '78', '7', '1'),
('bin-1052-vx', '5', '2', '1'),
('ilz-7397-hy', '76', '3', '1'),
('oel-6755-if', '57', '9', '0'),
('nzy-7841-uz', '63', '1', '1'),
('jpw-2002-rg', '35', '8', '0'),
('hqu-1468-qp', '70', '4', '0'),
('iww-9404-lc', '65', '3', '1'),
('izr-7194-pf', '69', '1', '0'),
('nhf-7108-jn', '90', '4', '0'),
('lrg-2535-vi', '34', '2', '1'),
('gtz-6383-qd', '45', '6', '1'),
('izy-7113-yo', '68', '5', '1'),
('pqe-3746-mx', '53', '8', '0'),
('slz-4604-zz', '14', '10', '1'),
('kox-4030-ua', '49', '9', '1'),
('qlw-1663-rs', '75', '7', '1'),
('yaa-8459-ye', '88', '1', '1'),
('wcb-5209-ip', '19', '10', '0'),
('hdy-1398-ha', '62', '3', '1'),
('mrt-5440-wv', '93', '6', '1'),
('rjy-8669-wp', '83', '5', '1'),
('nne-6383-ru', '27', '7', '1'),
('inl-0702-vx', '58', '4', '0'),
('ugm-6579-at', '22', '2', '0'),
('pgw-6520-mj', '6', '9', '1'),
('nzr-6845-vr', '91', '8', '1'),
('koh-1705-af', '25', '1', '1'),
('zbq-9731-iv', '81', '8', '1'),
('aph-3365-hm', '96', '10', '1'),
('dzi-5544-zp', '89', '2', '0'),
('hhh-2125-rl', '55', '3', '1'),
('gxn-0264-zo', '37', '5', '1'),
('yge-8074-ne', '30', '4', '0'),
('bof-3611-dd', '3', '9', '0'),
('cuy-8557-wq', '48', '7', '1'),
('xlo-5499-wh', '97', '6', '1'),
('xkg-2545-js', '100', '4', '1'),
('xkv-8704-fa', '15', '2', '1'),
('jpy-3692-bj', '29', '6', '1'),
('mbv-6517-gs', '43', '5', '0'),
('rxs-8820-nn', '50', '8', '0'),
('anr-7541-aq', '56', '10', '1'),
('stf-6905-xk', '41', '9', '0'),
('xaw-7840-uo', '82', '7', '0'),
('yia-7593-vk', '39', '3', '0'),
('lul-3786-vc', '11', '1', '1'),
('mah-8310-bm', '18', '10', '0'),
('lld-9567-pb', '87', '3', '1'),
('ykw-4896-lu', '16', '6', '1'),
('ett-2147-oz', '44', '5', '1'),
('qkc-6407-hy', '20', '7', '0'),
('pzb-2417-ny', '12', '4', '1'),
('bri-2563-ar', '92', '2', '1'),
('yxj-4686-us', '46', '9', '1'),
('fhl-5381-np', '60', '8', '0'),
('xzj-3644-lr', '23', '1', '0'),
('dnr-9798-jo', '72', '6', '1'),
('rqh-9492-im', '51', '8', '0'),
('gkr-6130-ys', '13', '7', '1'),
('tqy-9735-fc', '33', '10', '1'),
('vmy-5099-ca', '84', '3', '1'),
('nbb-2229-pt', '38', '1', '0'),
('lax-0923-ue', '71', '2', '0'),
('tdp-0601-dk', '61', '5', '1'),
('ghn-6740-us', '42', '4', '1'),
('evz-1179-ge', '4', '9', '1');


insert into product_os (id, name) values
('1', 'wear os'),
('2', 'tizen'),
('3', 'watchos'),
('4', 'fitbit os'),
('5', 'amazfit os'),
('6', 'garmin os'),
('7', 'rtos'),
('8', 'liteos'),
('9', 'zepp os'),
('10', 'zephyr os');


insert into products (id, name, brand_id, model, category_id, description, stop_selling) values
('15', 'sporty cap', '1', 'gpiea-3869-d5sai', '3', 'stylish cap to complete your athletic look.', '0'),
('33', 'digital thermostat', '1', 'ofkw-7467-8g', '13', 'programmable digital thermostat for home heating.', '1'),
('53', 'blackberry jam', '1', 'pxwetk-4359-63', '12', 'delicious homemade style blackberry jam.', '1'),
('21', 'pet carrier', '10', 'mnllzwang-2512-hx', '13', 'comfortable pet carrier for travel and vet visits.', '1'),
('47', 'pasta maker', '10', 'npjbvtoy-6268-o', '6', 'manual pasta maker for homemade pasta.', '1'),
('61', 'pumpkin ice cream', '10', 'fqnrkyyo-3203-mimzz', '2', 'seasonal pumpkin ice cream, perfect for fall.', '1'),
('22', 'organic honeycrisp apples', '11', 'izmegqf-6462-6b1', '4', 'sweet and crisp apples, perfect for snacking.', '1'),
('42', 'dried fruit medley', '11', 'tdqbqqzhx-2075-qara', '10', 'a delightful mix of dried fruits for trail mix or snacks.', '1'),
('2', 'olive oil', '12', 'nklnjv-5475-2r', '3', 'extra virgin olive oil, ideal for cooking and salads.', '0'),
('40', 'rice cakes', '12', 'mqhlsze-4893-q6', '2', 'light and crispy rice cakes, a perfect low-calorie snack.', '1'),
('67', 'breathable face mask set', '12', 'aafkjicbni-2212-x', '10', 'comfortable and reusable face masks in different styles.', '0'),
('11', 'frozen edamame', '13', 'hsrpafhww-3657-5', '1', 'lightly salted frozen edamame, a protein-packed snack.', '0'),
('31', 'basil tomato soup', '13', 'hkt-2898-0', '5', 'rich tomato soup flavored with fresh basil, ready to heat up.', '0'),
('14', 'desk organizer set', '14', 'gmhnf-1812-kvm', '5', 'stylish desk set to keep your workspace tidy and organized.', '0'),
('38', 'faux leather leggings', '14', 'vvbhhl-3327-1l8oj', '12', 'stylish faux leather leggings for a trendy outfit.', '0'),
('62', 'beef sirloin steak', '14', 'iec-0287-nh', '8', 'juicy and tender beef sirloin steak, grass-fed.', '0'),
('19', 'oats', '15', 'frmujogmza-0498-t79wv', '8', 'organic rolled oats, great for breakfast or baking.', '1'),
('28', 'organic lentil soup', '15', 'bxmixyb-3676-s', '7', 'a hearty soup made with organic lentils and vegetables.', '0'),
('71', 'coloring books for adults', '15', 'wiiyxuwr-3178-hr', '8', 'intricate designs for adults to relax and unwind.', '1'),
('23', 'fruit medley juice', '16', 'noox-7128-192', '11', 'refreshing juice blend made with various fresh fruits.', '1'),
('36', 'wireless smart plug', '16', 'ucafraypru-4242-n14', '3', 'control home appliances remotely using your smartphone app.', '0'),
('59', 'fruit infuser water bottle', '16', 'klnmbobae-6191-2yn4p', '1', 'water bottle designed to infuse flavors from fruits.', '1'),
('12', 'savory italian herbs', '17', 'ccy-0745-n', '10', 'a blend of dried italian herbs for cooking.', '1'),
('49', 'coconut flakes', '17', 'irv-2619-3soa', '11', 'unsweetened coconut flakes for baking and topping.', '1'),
('69', 'organic black rice', '17', 'ksquzgrqq-4227-2k4s', '3', 'nutty and chewy black rice, high in antioxidants.', '1'),
('20', 'acoustic guitar', '18', 'iblha-4123-aq', '6', 'beginner-friendly acoustic guitar with natural finish.', '0'),
('29', 'pineapple rings', '18', 'hiim-5049-ny3h', '9', 'delicious canned pineapple rings for desserts or salads.', '1'),
('52', 'yoga mat carrier', '18', 'frv-0198-v', '9', 'convenient carrier for transporting yoga mat.', '0'),
('10', 'cucumber relish', '19', 'ytslwjrgu-6446-m3', '12', 'sweet relish made from cucumbers, perfect for sandwiches.', '1'),
('34', 'green tea matcha powder', '19', 'ecxoyzkd-8714-2zuha', '8', 'high-quality matcha powder for smoothies and baking.', '1'),
('51', 'himalayan salt grinder', '19', 'csel-9349-7i', '7', 'natural pink salt, perfect for seasoning.', '1'),
('4', 'baby monitor', '2', 'ebcedrwo-3126-ylk7', '5', 'video baby monitor with night vision.', '0'),
('41', 'buffalo cauliflower bites', '2', 'nxlotvyu-8883-83jd', '5', 'spicy cauliflower bites for a vegetarian snack.', '1'),
('55', 'camping chair with cooler', '2', 'xyywrgm-1354-3', '6', 'foldable chair equipped with a cooler pouch.', '1'),
('17', 'stuffed peppers with quinoa', '20', 'eiwknrwyd-3300-6w', '10', 'bell peppers filled with quinoa and vegetables.', '1'),
('37', 'electric pressure cooker', '20', 'xjcf-8326-5o3b', '6', 'multi-function pressure cooker that can sauté, steam, and slow cook.', '1'),
('70', 'bluetooth car adapter', '20', 'ikgfpjc-5389-8tlx', '13', 'connect your phone to the car''s audio system via bluetooth.', '1'),
('7', 'outdoor string lights', '21', 'rgjxdl-5458-77q', '6', 'fairy lights perfect for decorating patios and backyards.', '1'),
('43', 'mediterranean couscous salad', '21', 'lanzb-0937-vi', '13', 'couscous salad with cucumbers, tomatoes, feta, and olives, ready to eat.', '1'),
('3', 'personalized pet id tags', '22', 'wzwzm-4160-674', '2', 'custom engraved id tags for pets with your contact information.', '0'),
('50', 'ergonomic mouse pad with wrist support', '22', 'rnddp-1857-oiq5e', '4', 'comfortable mouse pad designed to reduce wrist strain.', '0'),
('24', 'mango chili salsa', '23', 'bngts-4894-ta', '1', 'a sweet and spicy salsa made with mangoes and a hint of chili, great with chips or grilled chicken.', '1'),
('26', 'heat-resistant silicone mat', '23', 'gssl-3177-qpk8', '9', 'protects surfaces while baking or cooking with hot items.', '0'),
('68', 'cauliflower gnocchi', '23', 'kohdzzphfb-9457-j4hni', '9', 'soft and pillowy gnocchi made from cauliflower, perfect with sauce.', '0'),
('25', 'backpacking tent', '24', 'uzwrdpm-9830-o96', '7', 'lightweight and durable tent for camping trips.', '1'),
('35', 'carrot ginger soup', '24', 'pinmga-5720-6', '1', 'smooth soup made from carrots and ginger, great for cold days.', '1'),
('63', 'car vacuum', '24', 'uojnygswk-9371-dkko6', '3', 'portable car vacuum cleaner with strong suction.', '1'),
('9', 'men''s waterproof hiking boots', '25', 'nsg-8261-wuq', '9', 'durable boots designed for outdoor hiking and activities.', '0'),
('30', 'asian salad mix', '25', 'pmdzthnue-3935-j7c', '2', 'fresh greens and veggies for a quick asian-inspired salad.', '1'),
('60', 'chocolate chip pancake mix', '25', 'rbtw-9423-y50', '13', 'easy-to-make pancake mix with chocolate chips included.', '1'),
('16', 'phone screen protector', '3', 'uekjband-3347-7', '12', 'tempered glass screen protector for smartphones.', '0'),
('44', 'peanut butter protein balls', '3', 'rtalmec-5481-5', '8', 'no-bake energy bites made with peanut butter and oats.', '0'),
('66', 'spicy hummus', '3', 'qqylvegwzt-2419-05', '4', 'creamy hummus with a kick of spice, great for dipping.', '0'),
('6', 'organic vanilla bean ice cream', '4', 'wng-5030-qig82', '13', 'creamy ice cream made with real vanilla beans, perfect for desserts.', '1'),
('48', 'chic jumpsuit', '4', 'jstiofh-1271-9c1g2', '12', 'an elegant jumpsuit that can be dressed up or down.', '0'),
('8', 'savory oatmeal', '5', 'sxl-6207-g0', '11', 'oatmeal made with savory spices and vegetables.', '1'),
('45', 'grapes (red)', '5', 'xwggg-3449-0o', '1', 'fresh seedless red grapes, perfect for snacking.', '0'),
('58', 'foam building blocks for kids', '5', 'uqmniru-3830-bdx7', '9', 'soft foam blocks perfect for building and imaginative play.', '0'),
('1', 'peanut butter pretzel nuggets', '6', 'zau-1452-hyz', '8', 'crunchy pretzel nuggets filled with creamy peanut butter.', '0'),
('27', 'buffalo sauce', '6', 'nenvo-3513-rr0z', '4', 'spicy buffalo sauce ideal for wings or dipping.', '1'),
('64', 'gluten-free biscuits', '6', 'yugiiysoaz-2770-3sce', '11', 'fluffy biscuits made without gluten', '0'),
('5', 'organic ramen noodles', '7', 'elome-0842-opjk', '4', 'quick-cooking ramen noodles made with organic wheat.', '1'),
('32', 'peanut butter pretzel bites', '7', 'qpv-3865-590m', '10', 'crunchy pretzel bites filled with peanut butter', '1'),
('65', 'elegant maxi skirt', '7', 'ijejmm-6852-3l', '5', 'float through the day in this beautiful floor-length skirt.', '0'),
('18', 'tennis racket', '8', 'vhmpdqmlz-8196-28yj', '2', 'lightweight tennis racket for beginners and advanced players.', '0'),
('39', 'wall-mounted bookshelf', '8', 'mpcj-1454-o', '11', 'floating bookshelf to display your favorite books.', '0'),
('57', 'fishing tackle box', '8', 'yjuppuz-0514-77', '10', 'organized tackle box for fishing gear.', '1'),
('13', 'coconut granola', '9', 'mcxkni-4865-83', '7', 'crunchy granola mixed with coconut flakes.', '0'),
('46', 'air fryer oven', '9', 'vojubs-8928-j', '3', 'versatile air fryer that also roasts, bakes, and broils.', '0'),
('54', 'spicy salsa verde', '9', 'bmxgkgqks-6084-u', '4', 'green salsa with a spicy kick, great for dipping.', '0');


insert into product_variations (id, product_id, watch_size_mm, watch_color, stock_quantity, price_cents, base_price_cents, image_name, display_size_mm, display_type, resolution_h_px, resolution_w_px, ram_bytes, rom_bytes, os_id, connectivity, battery_life_mah, water_resistance_value, water_resistance_unit, sensor, case_material, band_material, band_size_mm, band_color, weight_milligrams, release_date, stop_selling) values
('1', '61', '39', 'bronze', '643', '448', '376', '/equos/omnia.mov', '72', 'port type', '955', '994', '12897', '78617', '8', 'wi-fi 6', '4302', '70', 'psi (pounds per square inch)', 'tilt sensor', 'tungsten', 'wood', '22', 'aqua', '109613', '2024-12-08 15:26:41', '0'),
('10', '64', '28', 'rose gold', '337', '724', '304', '/est/igitur/voluptas/bonum/hoc/falsi.priv', '98', 'volume', '915', '819', '7693', '62303', '9', 'wigig', '1216', '63', 'din (deutsches institut für normung)', 'vibration sensor', 'aluminum', 'resin', '19', 'silver', '69464', '2024-03-07 18:50:36', '0'),
('100', '20', '35', 'bronze', '304', '254', '349', '/omnia/iudicia/rerum/in/sensibus/ordinem.mshxml', '47', 'style', '729', '950', '14582', '63217', '2', 'nb-iot', '1090', '38', 'ipx (ingress protection rating)', 'magnetic sensor', 'titanium', 'titanium', '17', 'maroon', '45389', '2024-06-26 06:31:13', '0'),
('11', '3', '45', 'silver', '209', '454', '74', '/et/gravissimas/nec.tar', '67', 'length', '253', '606', '2858', '38353', '4', 'thread', '1061', '95', 'bar', 'motion sensor', 'ceramic', 'wood', '22', 'aqua', '195036', '2025-01-14 21:55:22', '0'),
('12', '59', '49', 'red', '383', '330', '116', '/nec/nostri.mshxml', '34', 'size', '716', '581', '12755', '72073', '5', 'lorawan', '2502', '92', 'ipx (ingress protection rating)', 'humidity sensor', 'stainless steel', 'rubber', '16', 'coral', '173274', '2024-07-23 23:26:47', '1'),
('13', '54', '49', 'gunmetal', '758', '667', '160', '/dolore/disputandum/putant/sed/ut/eam.rar', '46', 'weight', '429', '457', '1666', '93113', '10', 'enocean', '3092', '86', 'bar', 'touch sensor', 'carbon fiber', 'polyurethane', '23', 'black', '134027', '2024-09-09 08:16:33', '0'),
('14', '35', '20', 'champagne', '212', '209', '404', '/servare/id/bonum.mdb', '95', 'speed', '785', '876', '7409', '124966', '6', 'lorawan', '4564', '72', 'psi (pounds per square inch)', 'vibration sensor', 'brass', 'nylon', '14', 'yellow', '121278', '2024-05-13 11:02:40', '0'),
('15', '67', '41', 'pink', '231', '468', '282', '/denique//non/hostem.png', '80', 'compatibility', '715', '459', '1472', '34207', '7', 'rfid', '1445', '19', 'din (deutsches institut für normung)', 'water level sensor', 'rubber', 'silicone', '18', 'orange', '119342', '2024-04-08 08:04:10', '0'),
('16', '18', '46', 'rose gold', '525', '570', '311', '/de/philosophia/gymnasia.ogg', '60', 'amperage', '903', '881', '10304', '106627', '2', 'bluetooth', '2248', '47', 'ipx (ingress protection rating)', 'pressure sensor', 'silver', 'nylon', '18', 'beige', '34946', '2024-12-03 04:36:25', '1'),
('17', '22', '20', 'gold', '55', '765', '484', '/primus/sed.cue', '52', 'flavor', '884', '276', '5676', '119960', '3', 'wigig', '3951', '31', 'mmhg (millimeters of mercury)', 'ultrasonic sensor', 'ceramic', 'wood', '19', 'turquoise', '26644', '2024-12-27 18:45:44', '1'),
('18', '43', '32', 'red', '62', '482', '241', '/futurove/seiunctum/nec/veniat.css', '75', 'length', '714', '294', '10775', '113536', '9', 'ethernet', '1154', '68', 'meters (m)', 'accelerometer sensor', 'titanium', 'mixed materials', '19', 'navy', '30751', '2024-08-10 18:00:58', '1'),
('19', '63', '32', 'pink', '772', '304', '304', '/cognitio/rerum/quod/minime/ille.url', '61', 'pattern', '678', '776', '9627', '87141', '1', 'wi-fi 6e', '1534', '92', 'meters (m)', 'sound sensor', 'carbon fiber', 'leather', '19', 'purple', '181458', '2025-01-13 01:18:29', '0'),
('2', '41', '34', 'champagne', '244', '553', '441', '/homine/omni/doctrina/erudito/te.p12', '50', 'compatibility', '366', '893', '11099', '115493', '10', 'wi-fi 6e', '760', '91', 'ipx (ingress protection rating)', 'gyroscope sensor', 'tungsten', 'resin', '20', 'beige', '143415', '2024-06-04 01:54:22', '0'),
('20', '36', '45', 'turquoise', '242', '11', '109', '/a/quibus/saluti.torrent', '36', 'weight', '452', '257', '14485', '77412', '8', 'thread', '4519', '61', 'din (deutsches institut für normung)', 'gyroscope sensor', 'leather', 'leather', '15', 'gray', '191806', '2024-07-28 07:22:13', '0'),
('21', '37', '34', 'silver', '909', '442', '125', '/qua/dolore.desktop', '50', 'voltage', '336', '961', '14510', '61728', '8', 'ethernet', '4233', '94', 'meters (m)', 'touch sensor', 'silver', 'mixed materials', '18', 'aqua', '88275', '2024-07-04 05:42:38', '0'),
('22', '13', '33', 'green', '189', '610', '33', '/sensibus/ne/id/ipsum/quod.apk', '49', 'flavor', '891', '337', '4914', '82093', '1', 'z-wave', '1421', '90', 'bar', 'ultrasonic sensor', 'silicone', 'nylon', '20', 'aqua', '68039', '2024-12-10 16:15:49', '1'),
('23', '38', '49', 'purple', '987', '651', '338', '/nam/cum/affert.cfg', '74', 'density', '548', '542', '11468', '21175', '10', 'z-wave', '1814', '30', 'psi (pounds per square inch)', 'smoke sensor', 'titanium', 'wood', '16', 'navy', '129701', '2024-04-26 21:25:38', '0'),
('24', '42', '44', 'champagne', '827', '473', '252', '/quaeso/interpretaris/eos.wma', '56', 'material', '440', '578', '15732', '123607', '3', 'lpwan', '2915', '82', 'atm (atmospheres)', 'smoke sensor', 'bronze', 'plastic', '20', 'pink', '169874', '2024-11-20 03:01:42', '1'),
('25', '68', '42', 'cobalt', '940', '44', '427', '/sollicitant/turbulentaeque/sunt/sic/quo.avi', '77', 'brightness', '1004', '1026', '12822', '36990', '6', 'infrared', '2861', '24', 'ipx (ingress protection rating)', 'tilt sensor', 'brass', 'wood', '16', 'brown', '128724', '2025-01-07 20:26:14', '0'),
('26', '1', '44', 'champagne', '577', '861', '78', '/nihil/erroribus.wma', '83', 'speed', '929', '430', '5119', '85249', '5', 'ant+', '1798', '46', 'mmhg (millimeters of mercury)', 'touch sensor', 'plastic', 'wood', '18', 'brown', '79178', '2024-06-09 13:26:46', '0'),
('27', '7', '22', 'white', '158', '664', '97', '/recordamur/stulti/autem/malorum/ipsa.priv', '94', 'height', '469', '784', '2010', '105159', '7', 'sigfox', '3713', '80', 'atm (atmospheres)', 'color sensor', 'gold', 'rubber', '16', 'lime', '155421', '2024-12-25 23:38:51', '0'),
('28', '34', '27', 'white', '519', '158', '243', '/autem/quibus/ego/stultorum.key', '44', 'fit', '746', '355', '2936', '43713', '4', 'zigbee', '2188', '97', 'feet (ft)', 'gas sensor', 'tungsten', 'silicone', '20', 'silver', '116222', '2024-10-13 03:33:21', '0'),
('29', '8', '25', 'yellow', '259', '961', '440', '/quaeque/in/eo/ipso/parum/repugnantibus.ini', '35', 'compatibility', '375', '542', '10423', '29907', '2', 'rfid', '533', '10', 'bar', 'water level sensor', 'rubber', 'mixed materials', '15', 'beige', '135457', '2024-04-12 17:14:24', '1'),
('3', '14', '47', 'gray', '393', '904', '444', '/eo/et/gravissimas/res/consilio/delicatissimi.msh1', '66', 'voltage', '351', '479', '2620', '119950', '3', 'enocean', '1616', '17', 'atm (atmospheres)', 'touch sensor', 'leather', 'carbon fiber', '21', 'coral', '126124', '2024-12-18 04:06:26', '0'),
('30', '6', '25', 'gunmetal', '877', '298', '18', '/quid/historiae/cognitioque/rerum/quid/quae.mdf', '89', 'amperage', '258', '917', '8400', '70505', '9', 'z-wave', '2605', '83', 'psi (pounds per square inch)', 'smoke sensor', 'brass', 'wood', '14', 'pink', '130634', '2024-06-16 01:09:14', '0'),
('31', '53', '21', 'cobalt', '577', '398', '320', '/in/eorum/cepisse.msh2', '36', 'speed', '659', '593', '4212', '76884', '9', 'wi-fi', '641', '6', 'psi (pounds per square inch)', 'ultrasonic sensor', 'bronze', 'gold', '17', 'burgundy', '117821', '2024-04-16 19:48:30', '1'),
('32', '5', '48', 'white', '48', '255', '209', '/quid/epicurei/num/desistunt/de/eadem.exe', '35', 'brightness', '903', '448', '14594', '32793', '7', 'wi-fi', '3958', '78', 'meters (m)', 'image sensor', 'aluminum', 'silver', '18', 'maroon', '159810', '2024-03-16 17:36:59', '1'),
('33', '25', '49', 'purple', '237', '688', '187', '/qua/initiis.scf', '64', 'volume', '1039', '1037', '2001', '37596', '6', 'enocean', '3416', '84', 'feet (ft)', 'temperature sensor', 'plastic', 'resin', '15', 'pink', '139523', '2024-03-06 14:48:23', '1'),
('34', '47', '37', 'magenta', '47', '436', '418', '/ipsum/quod/quibusdam/medium/videretur/doloris.jsp', '97', 'height', '572', '321', '11605', '104994', '1', 'zigbee', '1357', '4', 'atm (atmospheres)', 'temperature sensor', 'aluminum', 'ceramic', '15', 'turquoise', '129806', '2024-09-01 22:32:45', '1'),
('35', '49', '28', 'brown', '450', '78', '198', '/effluere/patiatur/earumque/assidua/quibus.asp', '57', 'volume', '835', '364', '11947', '110594', '8', 'nb-iot', '989', '13', 'atm (atmospheres)', 'image sensor', 'aluminum', 'fabric', '21', 'navy', '49622', '2024-10-14 00:10:09', '1'),
('36', '57', '47', 'turquoise', '168', '354', '360', '/meminerimus/sed/qui.nrg', '78', 'style', '896', '870', '8769', '12264', '10', 'wigig', '2244', '3', 'atm (atmospheres)', 'gas sensor', 'aluminum', 'titanium', '22', 'gold', '169370', '2024-11-24 04:59:42', '0'),
('37', '19', '32', 'white', '232', '70', '253', '/sed/quibus.pub', '86', 'connectivity', '953', '295', '3270', '39585', '2', 'nb-iot', '4778', '5', 'atm (atmospheres)', 'ultrasonic sensor', 'polycarbonate', 'rubber', '19', 'red', '197981', '2024-08-26 07:50:05', '1'),
('38', '26', '32', 'navy', '585', '207', '313', '/graecos/quidem/legendos/oderit.mds', '64', 'frequency', '406', '1046', '4469', '35361', '3', 'nb-iot', '1640', '5', 'bar', 'accelerometer sensor', 'brass', 'mixed materials', '18', 'red', '174369', '2024-05-31 18:30:54', '1'),
('39', '40', '20', 'black', '494', '289', '256', '/vitae/iucunditas/nostrum.sig', '32', 'voltage', '1074', '868', '15710', '81804', '5', 'bluetooth', '754', '49', 'atm (atmospheres)', 'tilt sensor', 'leather', 'gold', '16', 'gold', '145289', '2024-05-28 19:10:15', '1'),
('4', '50', '32', 'cobalt', '55', '867', '263', '/ut/si/tolerabiles/sint/est.asc', '51', 'resolution', '1005', '593', '16218', '53163', '5', 'nb-iot', '1521', '44', 'meters (m)', 'vibration sensor', 'bronze', 'nylon', '21', 'turquoise', '105522', '2024-10-10 21:15:28', '0'),
('40', '60', '33', 'black', '85', '748', '106', '/iudicem/aequum/naturae.docx', '72', 'volume', '335', '1077', '2689', '120736', '4', 'wi-fi 6', '4463', '12', 'mmhg (millimeters of mercury)', 'vibration sensor', 'aluminum', 'fabric', '14', 'pink', '56089', '2024-09-28 03:09:41', '1'),
('41', '69', '33', 'navy', '201', '635', '99', '/fautrices/fidelissimae/utraque.htm', '31', 'shape', '784', '584', '8664', '28572', '9', 'enocean', '2002', '25', 'mmhg (millimeters of mercury)', 'ultrasonic sensor', 'gold', 'gold', '18', 'navy', '127966', '2024-03-04 18:50:30', '0'),
('42', '65', '39', 'gray', '90', '401', '162', '/possunt/et/si/intellegam.rar', '31', 'vibration', '719', '730', '9756', '87515', '7', 'enocean', '4349', '17', 'bar', 'humidity sensor', 'rubber', 'gold', '15', 'navy', '26839', '2024-06-11 18:43:12', '1'),
('43', '20', '41', 'gray', '174', '74', '127', '/in/ut.torrent', '52', 'brightness', '878', '323', '2926', '107877', '3', 'nb-iot', '2590', '2', 'mmhg (millimeters of mercury)', 'touch sensor', 'bronze', 'rubber', '23', 'navy', '32474', '2024-03-19 08:54:21', '0'),
('44', '11', '32', 'gray', '892', '723', '87', '/aliquod/aeternum/et/infinitum/excepturi.jpg', '58', 'capacity', '539', '1021', '7594', '83695', '1', '5g', '2335', '4', 'atm (atmospheres)', 'humidity sensor', 'carbon fiber', 'fabric', '15', 'blue', '184201', '2024-09-07 17:52:26', '1'),
('45', '23', '38', 'silver', '442', '598', '420', '/ut/de/omni/virtute/sit/tribuat.torrent', '52', 'density', '639', '298', '9386', '8457', '4', 'ethernet', '1063', '19', 'feet (ft)', 'light sensor', 'silicone', 'ceramic', '22', 'brown', '186811', '2024-06-15 13:05:26', '1'),
('46', '58', '45', 'yellow', '973', '148', '456', '/etiamsi/nulla/sit/quae.gpg', '50', 'volume', '1013', '334', '8772', '80875', '2', 'ethernet', '4287', '43', 'bar', 'light sensor', 'aluminum', 'stainless steel', '17', 'lime', '194512', '2024-03-21 08:30:05', '0'),
('47', '48', '20', 'gold', '130', '659', '182', '/habere/intervalla/erunt.xml', '75', 'brightness', '466', '567', '10748', '38077', '6', 'thread', '4769', '39', 'ipx (ingress protection rating)', 'infrared sensor', 'bronze', 'rubber', '14', 'cyan', '54683', '2024-08-26 12:40:54', '0'),
('48', '4', '20', 'champagne', '256', '541', '344', '/adest/turbulenta/est/si/vero/omnes.zip', '34', 'power', '680', '525', '10525', '21281', '5', 'lorawan', '2602', '11', 'bar', 'motion sensor', 'leather', 'silver', '16', 'beige', '36752', '2024-03-28 13:18:29', '1'),
('49', '46', '43', 'cobalt', '31', '140', '285', '/non/si.rpm', '83', 'color', '789', '873', '4590', '66520', '8', 'lorawan', '2924', '0', 'mmhg (millimeters of mercury)', 'magnetic sensor', 'stainless steel', 'carbon fiber', '15', 'beige', '180398', '2024-10-30 07:52:21', '1'),
('5', '21', '32', 'pink', '74', '886', '393', '/principio/inquam/in/physicis/quibus/et.yaml', '60', 'amperage', '455', '360', '2932', '41885', '1', 'thread', '1921', '64', 'feet (ft)', 'water level sensor', 'rubber', 'plastic', '15', 'purple', '33214', '2024-04-12 18:53:34', '0'),
('50', '55', '34', 'gold', '110', '534', '101', '/intercapedo/molestiae/igitur/neque/stultorum/omnisque.nrg', '90', 'color', '369', '444', '5895', '113318', '10', 'wi-fi + bluetooth', '1210', '31', 'meters (m)', 'proximity sensor', 'stainless steel', 'nylon', '19', 'navy', '195318', '2024-10-02 07:16:56', '0'),
('51', '30', '21', 'blue', '342', '739', '21', '/epicureis/sed/libidinum.odt', '59', 'power', '299', '1079', '2772', '46449', '1', 'satellite', '3302', '17', 'mmhg (millimeters of mercury)', 'sound sensor', 'leather', 'ceramic', '14', 'yellow', '105430', '2024-08-10 14:34:54', '0'),
('52', '66', '41', 'blue', '425', '85', '459', '/censes/haec/dicturum/fore.exe', '38', 'capacity', '589', '879', '8566', '80660', '2', 'usb', '4146', '74', 'mmhg (millimeters of mercury)', 'image sensor', 'bronze', 'fabric', '22', 'aqua', '159700', '2024-03-08 06:27:23', '1'),
('53', '70', '24', 'blue', '771', '90', '9', '/dividendo/quod.htm', '54', 'resolution', '358', '292', '14780', '71103', '5', 'nfc', '2101', '10', 'din (deutsches institut für normung)', 'gyroscope sensor', 'brass', 'titanium', '16', 'beige', '119978', '2025-01-26 11:41:31', '1'),
('54', '24', '32', 'cobalt', '709', '862', '377', '/videantur/invitat/igitur/in.jpg', '49', 'speed', '842', '997', '7544', '30091', '4', 'enocean', '4669', '65', 'mmhg (millimeters of mercury)', 'tilt sensor', 'bronze', 'rubber', '15', 'yellow', '131608', '2025-01-16 14:49:08', '1'),
('55', '52', '37', 'pink', '66', '831', '420', '/de/contereret.asc', '93', 'resolution', '581', '488', '724', '51449', '9', 'wi-fi 6e', '4764', '49', 'bar', 'tilt sensor', 'bronze', 'silicone', '20', 'white', '59991', '2024-03-28 18:03:52', '1'),
('56', '39', '35', 'rose gold', '873', '539', '340', '/a/vitae.txt', '51', 'resolution', '446', '263', '10512', '97952', '6', 'wi-fi + bluetooth', '2220', '40', 'ipx (ingress protection rating)', 'pressure sensor', 'stainless steel', 'carbon fiber', '21', 'white', '158131', '2024-09-08 11:33:51', '0'),
('57', '33', '41', 'pink', '362', '596', '437', '/saepe/rem/.mkv', '95', 'size', '760', '605', '11570', '14455', '8', 'wi-fi 6', '3138', '25', 'atm (atmospheres)', 'gas sensor', 'aluminum', 'stainless steel', '20', 'coral', '177026', '2024-11-25 08:59:34', '1'),
('58', '28', '41', 'bronze', '779', '766', '462', '/seditione/ratio.odf', '70', 'style', '504', '461', '1044', '9899', '7', 'lorawan', '4285', '43', 'psi (pounds per square inch)', 'touch sensor', 'polycarbonate', 'carbon fiber', '15', 'magenta', '185246', '2024-06-17 05:48:10', '0'),
('59', '2', '47', 'gold', '519', '978', '443', '/pleniorem/efficit/itaque/non/ob/voluptatibus.mp4', '93', 'connectivity', '1019', '394', '636', '125316', '10', 'wi-fi + bluetooth', '4723', '40', 'atm (atmospheres)', 'motion sensor', 'silver', 'ceramic', '15', 'black', '124088', '2024-12-28 21:32:56', '0'),
('6', '71', '39', 'gray', '776', '655', '227', '/id/in/voluptate/ponit/quod/amarissimam.mshxml', '63', 'flavor', '677', '549', '1556', '13947', '7', 'nb-iot', '3661', '82', 'din (deutsches institut für normung)', 'motion sensor', 'silver', 'resin', '18', 'pink', '78003', '2024-03-01 10:30:18', '0'),
('60', '45', '36', 'green', '514', '709', '249', '/iustitia/restat/ut/de/omni/oritur.png', '77', 'flavor', '745', '1027', '3095', '57437', '3', 'wi-fi 6', '4221', '69', 'mmhg (millimeters of mercury)', 'humidity sensor', 'leather', 'carbon fiber', '14', 'magenta', '11509', '2024-04-04 08:10:23', '0'),
('61', '12', '23', 'yellow', '296', '756', '66', '/locupletiorem/etiam/esse/laboribus.bin', '57', 'voltage', '528', '498', '7936', '40623', '7', 'bluetooth', '1989', '42', 'bar', 'humidity sensor', 'leather', 'ceramic', '15', 'teal', '85050', '2024-10-04 14:27:29', '0'),
('62', '9', '30', 'navy', '235', '475', '456', '/satis/sibi/contra/hominum/est.pgp', '84', 'voltage', '991', '1067', '3264', '100855', '3', '4g lte', '4867', '45', 'mmhg (millimeters of mercury)', 'light sensor', 'bronze', 'ceramic', '17', 'green', '42623', '2024-03-04 15:19:32', '1'),
('63', '17', '23', 'champagne', '856', '881', '5', '/invidus/qui/deserere.rtf', '62', 'resolution', '631', '276', '7019', '4949', '1', '4g lte', '2863', '35', 'din (deutsches institut für normung)', 'gyroscope sensor', 'titanium', 'rubber', '18', 'olive', '109957', '2024-11-06 00:40:06', '1'),
('64', '32', '28', 'gold', '522', '95', '37', '/esse/e/corpore/nam.js', '74', 'pattern', '561', '384', '11223', '102455', '4', 'ethernet', '4130', '12', 'ipx (ingress protection rating)', 'infrared sensor', 'brass', 'resin', '19', 'purple', '174830', '2024-11-30 01:32:31', '0'),
('65', '62', '39', 'bronze', '491', '875', '255', '/inermis/ac/nudus/quod.cfg', '76', 'speed', '662', '565', '5084', '68862', '2', '4g lte', '2477', '65', 'ipx (ingress protection rating)', 'water level sensor', 'leather', 'silicone', '14', 'gray', '133619', '2024-09-13 02:38:09', '0'),
('66', '10', '44', 'pink', '636', '936', '438', '/non/est/placeat.sig', '69', 'voltage', '631', '853', '11086', '67420', '6', 'ethernet', '1030', '95', 'feet (ft)', 'gas sensor', 'titanium', 'resin', '19', 'gold', '35123', '2025-02-11 10:40:41', '1'),
('67', '15', '34', 'gold', '607', '893', '108', '/contenta/sit/non.mshxml', '82', 'pattern', '727', '715', '10543', '121206', '5', 'wi-fi 6e', '4559', '38', 'meters (m)', 'infrared sensor', 'plastic', 'resin', '23', 'aqua', '106875', '2025-02-02 10:01:23', '0'),
('68', '44', '39', 'bronze', '440', '328', '75', '/aut/brevi.avi', '74', 'length', '722', '330', '11097', '16864', '8', '5g', '2999', '53', 'ipx (ingress protection rating)', 'smoke sensor', 'plastic', 'silver', '23', 'green', '51219', '2024-09-18 04:07:47', '1'),
('69', '29', '37', 'silver', '755', '166', '397', '/in/atque.wma', '45', 'width', '595', '445', '9243', '87285', '10', 'sigfox', '4447', '29', 'atm (atmospheres)', 'motion sensor', 'rubber', 'wood', '16', 'magenta', '166248', '2024-06-05 23:28:02', '1'),
('7', '51', '24', 'turquoise', '331', '873', '392', '/numquam/in/sententia/despicationes.tsv', '48', 'resolution', '595', '531', '8773', '39524', '2', 'rfid', '3604', '69', 'ipx (ingress protection rating)', 'pressure sensor', 'bronze', 'stainless steel', '14', 'black', '11228', '2024-07-08 13:31:28', '0'),
('70', '16', '29', 'gray', '882', '953', '379', '/molestias/audire.md', '75', 'width', '366', '980', '15370', '114380', '9', 'wi-fi + bluetooth', '4079', '71', 'din (deutsches institut für normung)', 'gyroscope sensor', 'silver', 'leather', '15', 'green', '26354', '2024-11-19 13:06:38', '1'),
('71', '52', '25', 'red', '810', '573', '114', '/mox/videro/interea/vestra.yaml', '93', 'amperage', '680', '836', '5223', '84389', '5', '5g', '2025', '94', 'bar', 'proximity sensor', 'ceramic', 'nylon', '18', 'blue', '157602', '2024-07-14 09:56:34', '0'),
('72', '33', '39', 'cobalt', '372', '129', '83', '/aequum/puto/modo/quae/.ppt', '87', 'fragrance', '866', '978', '1725', '31776', '10', 'rfid', '1264', '98', 'mmhg (millimeters of mercury)', 'touch sensor', 'silver', 'nylon', '17', 'orange', '48435', '2024-12-17 16:58:40', '0'),
('73', '50', '27', 'rose gold', '140', '91', '216', '/eo/filio/reliqui.gif', '53', 'length', '592', '808', '4716', '44694', '9', 'zigbee', '4705', '22', 'meters (m)', 'vibration sensor', 'tungsten', 'resin', '20', 'beige', '77231', '2024-05-23 22:53:17', '1'),
('74', '22', '33', 'gold', '344', '790', '116', '/oderis/ut/exiguam.wmv', '75', 'port type', '997', '411', '14532', '44442', '1', 'z-wave', '1170', '26', 'bar', 'water level sensor', 'titanium', 'silver', '15', 'yellow', '109893', '2024-08-12 14:16:52', '1'),
('75', '34', '48', 'bronze', '324', '623', '138', '/ad/epicurum/nam/si/ipso.jsp', '53', 'aspect ratio', '447', '678', '1565', '96374', '7', 'z-wave', '2674', '90', 'ipx (ingress protection rating)', 'pressure sensor', 'polycarbonate', 'fabric', '14', 'teal', '87119', '2024-06-19 12:04:47', '1'),
('76', '41', '46', 'rose gold', '129', '935', '188', '/minus/declarant/sed/videntur/leviora/atque.jpeg', '46', 'weight', '331', '551', '6170', '5289', '4', '5g', '4303', '28', 'meters (m)', 'infrared sensor', 'carbon fiber', 'wood', '21', 'yellow', '195991', '2024-05-20 05:33:51', '1'),
('77', '36', '38', 'yellow', '38', '215', '363', '/dicat/ille/easque.pptx', '30', 'fit', '493', '583', '4099', '55676', '3', 'wi-fi 6e', '1722', '40', 'ipx (ingress protection rating)', 'water level sensor', 'gold', 'rubber', '17', 'yellow', '155897', '2024-12-26 15:04:06', '1'),
('78', '42', '30', 'brown', '267', '943', '295', '/impendet/tum/superstitio/videamus.pub', '86', 'power', '268', '891', '4196', '96010', '6', 'usb', '2096', '99', 'ipx (ingress protection rating)', 'water level sensor', 'leather', 'rubber', '15', 'brown', '125495', '2024-06-16 14:18:24', '1'),
('79', '51', '24', 'yellow', '571', '722', '498', '/confectum/tantis/animi/de.yml', '37', 'compatibility', '835', '974', '15937', '35715', '8', 'nfc', '3152', '10', 'atm (atmospheres)', 'infrared sensor', 'tungsten', 'silicone', '20', 'white', '42461', '2024-07-16 15:30:17', '0'),
('8', '31', '25', 'green', '498', '281', '401', '/quantum/efficere/possimus/molestia/essent.ogg', '36', 'surface', '291', '600', '1976', '30364', '6', 'ethernet', '4484', '59', 'atm (atmospheres)', 'accelerometer sensor', 'silicone', 'wood', '14', 'blue', '197575', '2024-10-03 11:40:35', '1'),
('80', '67', '21', 'champagne', '242', '169', '458', '/quos/tu/tempus.mdb', '47', 'material', '493', '417', '6212', '89349', '2', 'enocean', '4918', '7', 'ipx (ingress protection rating)', 'humidity sensor', 'titanium', 'carbon fiber', '23', 'teal', '179850', '2024-03-19 00:07:20', '0'),
('81', '46', '32', 'blue', '730', '162', '55', '/dici/graece/ergo/praetor/nulla.rtf', '57', 'port type', '485', '827', '16286', '116375', '10', 'infrared', '4156', '34', 'ipx (ingress protection rating)', 'infrared sensor', 'tungsten', 'fabric', '16', 'black', '13693', '2025-02-12 20:01:44', '0'),
('82', '18', '48', 'turquoise', '216', '591', '265', '/contra/quae.pem', '74', 'flavor', '526', '304', '761', '29923', '3', 'rfid', '4372', '63', 'mmhg (millimeters of mercury)', 'vibration sensor', 'silver', 'stainless steel', '21', 'maroon', '55551', '2024-11-06 05:26:45', '1'),
('83', '16', '25', 'white', '493', '387', '452', '/gerendarum/sic/sint.wmv', '54', 'port type', '472', '534', '8478', '112702', '9', 'ant+', '3389', '22', 'meters (m)', 'humidity sensor', 'titanium', 'carbon fiber', '18', 'green', '30326', '2024-08-07 08:38:57', '1'),
('84', '68', '20', 'white', '145', '963', '41', '/possunt/et/si/nisi.aac', '91', 'size', '919', '531', '5224', '19771', '5', 'lorawan', '4810', '20', 'atm (atmospheres)', 'image sensor', 'tungsten', 'ceramic', '15', 'brown', '26063', '2024-05-27 19:02:16', '0'),
('85', '55', '29', 'yellow', '906', '162', '113', '/malorum/illas.odg', '76', 'capacity', '880', '355', '8458', '28923', '7', 'rfid', '753', '58', 'mmhg (millimeters of mercury)', 'ultrasonic sensor', 'stainless steel', 'leather', '21', 'aqua', '68546', '2024-05-08 17:36:51', '0'),
('86', '70', '35', 'purple', '913', '753', '370', '/finiri/parvos/conferebamus.csr', '64', 'finish', '627', '914', '1545', '106232', '1', 'lorawan', '2178', '92', 'meters (m)', 'motion sensor', 'carbon fiber', 'carbon fiber', '22', 'pink', '69919', '2024-04-11 05:16:45', '1'),
('87', '9', '23', 'turquoise', '527', '753', '499', '/oritur/quod.bin', '48', 'finish', '728', '558', '14294', '22590', '2', 'sigfox', '3921', '6', 'feet (ft)', 'tilt sensor', 'ceramic', 'ceramic', '22', 'pink', '26708', '2024-05-25 07:06:01', '0'),
('88', '65', '46', 'silver', '421', '24', '497', '/id/huic.toml', '79', 'pattern', '990', '829', '12462', '80412', '6', 'lpwan', '4746', '57', 'psi (pounds per square inch)', 'motion sensor', 'ceramic', 'titanium', '16', 'brown', '33126', '2024-03-18 09:22:48', '1'),
('89', '64', '48', 'purple', '782', '439', '354', '/sed/illas/reici/repellendus.msh2', '54', 'port type', '359', '903', '12748', '97385', '8', 'sigfox', '2608', '49', 'feet (ft)', 'ultrasonic sensor', 'titanium', 'polyurethane', '20', 'black', '18585', '2024-04-26 16:18:27', '0'),
('9', '27', '44', 'white', '46', '347', '263', '/enim/sapientiam/temperantiam/sapientia.mshxml', '67', 'height', '787', '312', '14827', '47842', '4', 'bluetooth', '4899', '50', 'feet (ft)', 'gyroscope sensor', 'plastic', 'plastic', '19', 'orange', '74093', '2024-07-09 01:47:49', '0'),
('90', '44', '45', 'turquoise', '57', '422', '296', '/graecis/quidem/cedentem/in/sed.csv', '39', 'pattern', '256', '590', '13334', '54421', '4', 'nfc', '1507', '83', 'psi (pounds per square inch)', 'magnetic sensor', 'tungsten', 'nylon', '19', 'teal', '53937', '2024-08-30 19:29:50', '0'),
('91', '25', '21', 'pink', '162', '79', '195', '/fastidium/non/est/omnino/hic/desperantes.pub', '70', 'height', '543', '888', '4167', '113883', '6', 'thread', '2951', '30', 'mmhg (millimeters of mercury)', 'vibration sensor', 'titanium', 'carbon fiber', '16', 'orange', '186767', '2024-05-07 19:40:45', '1'),
('92', '40', '25', 'turquoise', '263', '194', '53', '/assentior/cum/haec.ods', '69', 'finish', '590', '432', '1083', '43214', '5', 'wi-fi 6', '755', '18', 'feet (ft)', 'magnetic sensor', 'plastic', 'titanium', '19', 'beige', '22029', '2024-03-16 14:15:50', '1'),
('93', '43', '42', 'pink', '222', '500', '289', '/conficiuntur/et/angore/et/metu/moderatio.7z', '65', 'style', '723', '367', '9037', '33740', '8', 'infrared', '1501', '99', 'ipx (ingress protection rating)', 'ultrasonic sensor', 'ceramic', 'fabric', '20', 'cyan', '15171', '2024-09-20 07:02:11', '1'),
('94', '2', '35', 'gold', '607', '890', '173', '/ut/epicuri/retinere.ppt', '91', 'width', '653', '697', '1857', '89767', '10', 'infrared', '540', '11', 'mmhg (millimeters of mercury)', 'touch sensor', 'aluminum', 'ceramic', '17', 'burgundy', '90019', '2024-07-29 04:50:55', '1'),
('95', '30', '49', 'gold', '102', '623', '267', '/ad/esse.html', '44', 'compatibility', '1034', '603', '6773', '126314', '9', 'wi-fi + bluetooth', '4606', '22', 'meters (m)', 'color sensor', 'plastic', 'gold', '23', 'burgundy', '104436', '2024-09-17 17:57:11', '0'),
('96', '6', '37', 'brown', '572', '14', '250', '/modo/vita.gif', '53', 'length', '757', '939', '10595', '67764', '7', 'sigfox', '897', '48', 'atm (atmospheres)', 'humidity sensor', 'tungsten', 'leather', '23', 'magenta', '133390', '2024-05-17 15:46:05', '0'),
('97', '60', '22', 'yellow', '316', '612', '480', '/ero/tibique/si/nomine.js', '41', 'fragrance', '1005', '971', '5852', '92948', '3', 'lpwan', '4306', '25', 'meters (m)', 'light sensor', 'ceramic', 'resin', '19', 'turquoise', '100197', '2025-01-20 09:51:16', '0'),
('98', '59', '34', 'cobalt', '310', '829', '169', '/a/libidinum/impetu/et/a/legant.log', '80', 'brightness', '252', '479', '10082', '35488', '1', 'thread', '4226', '80', 'ipx (ingress protection rating)', 'ultrasonic sensor', 'silver', 'plastic', '20', 'magenta', '143240', '2024-04-01 06:28:39', '1'),
('99', '38', '23', 'rose gold', '329', '113', '241', '/nec/segniorem/ad/respondendum/reddidisti/artes.torrent', '51', 'material', '619', '566', '6641', '42557', '4', 'wi-fi + bluetooth', '2698', '2', 'din (deutsches institut für normung)', 'smoke sensor', 'bronze', 'resin', '14', 'yellow', '35277', '2024-09-05 23:33:35', '1');


insert into providers (id, full_name, email, phone_number, created_at, updated_at) values
('1', 'taryn wandrack', 'taryn.wandrack@yahoo.ca', '(404) 585-8126', '2024-02-20 09:43:57', '2024-02-25 17:52:49'),
('2', 'friedrich cawston', 'friedrich.cawston@yahoo.co.in', '(336) 093-7846', '2024-02-20 09:50:45', '2024-02-25 12:25:35'),
('3', 'mordecai pelzer', 'mordecai.pelzer@yahoo.com', '(205) 170-3601', '2024-02-20 09:57:22', '2024-02-29 06:07:04'),
('4', 'ellene edon', 'ellene.edon@yahoo.com', '(214) 545-1046', '2024-02-20 10:06:48', '2024-02-20 20:28:11'),
('5', 'allx brekonridge', 'allx.brekonridge@yahoo.com', '(402) 199-5068', '2024-02-20 10:15:25', '2024-02-24 04:17:38');


insert into role_permissions (role_id, permission_id) values
('1', '24'),
('2', '37'),
('3', '59'),
('1', '57'),
('2', '48'),
('3', '63'),
('1', '46'),
('2', '68'),
('3', '12'),
('2', '62'),
('3', '29'),
('1', '18'),
('1', '60'),
('2', '11'),
('3', '22'),
('1', '64'),
('2', '58'),
('3', '47'),
('3', '8'),
('1', '1'),
('2', '49'),
('1', '53'),
('2', '28'),
('3', '45'),
('3', '15'),
('1', '19'),
('2', '13'),
('3', '6'),
('1', '36'),
('2', '26'),
('1', '51'),
('2', '72'),
('3', '50'),
('1', '32'),
('2', '7'),
('3', '65'),
('3', '56'),
('1', '33'),
('2', '4'),
('2', '25'),
('3', '61'),
('1', '38'),
('2', '16'),
('3', '31'),
('1', '44'),
('3', '71'),
('1', '5'),
('2', '3'),
('2', '9'),
('3', '52'),
('1', '54'),
('2', '70'),
('3', '55'),
('1', '39'),
('3', '41'),
('1', '34'),
('2', '17'),
('1', '14'),
('2', '35'),
('3', '66'),
('3', '30'),
('1', '2'),
('2', '23'),
('3', '21'),
('1', '10'),
('2', '67'),
('1', '20'),
('2', '42'),
('3', '27'),
('1', '43'),
('2', '69'),
('3', '40'),
('1', '3'),
('2', '18'),
('1', '42'),
('3', '57'),
('1', '4'),
('2', '27'),
('1', '55'),
('1', '31'),
('2', '38'),
('3', '28'),
('2', '8'),
('1', '9'),
('2', '5'),
('1', '48'),
('1', '47'),
('2', '71'),
('3', '16'),
('1', '21'),
('1', '26'),
('3', '49'),
('1', '50'),
('2', '54'),
('2', '64'),
('3', '19'),
('1', '25'),
('1', '17'),
('2', '52'),
('3', '44');


insert into roles (id, name) values
('1', 'admin'),
('2', 'staff'),
('3', 'user');


insert into user_addresses (id, user_id, name, street, apartment_number, ward, district, city_province, phone_number, is_default, is_deleted) values
('1', '26', 'isabella white', '12550 silvana way', '12a', 'greenwood', 'tribeca', 'dallas', '(469) 962-0674', '0', '1'),
('2', '51', 'olivia thomas', '7780 dewitt circle', '1001', 'sunset heights', 'south side', 'fresno', '(559) 492-0551', '0', '0'),
('3', '8', 'michael davis', '1012 mclin lane', '501', 'northville', 'park slope', 'seattle', '(360) 405-7937', '1', '1'),
('4', '98', 'charlotte walker', '14446 smallwood place', '1909', 'harborview', 'chelsea', 'jacksonville', '(904) 125-3750', '1', '0'),
('5', '31', 'alexander harris', '3910 mayberry court', '1303', 'brooklyn', 'long island city', 'young america', '(952) 561-8483', '0', '1'),
('6', '56', 'charlotte walker', '7877 booth place', '1909', 'harborview', 'greenwich', 'bonita springs', '(941) 708-1921', '0', '0'),
('7', '34', 'jessica miller', '3534 fawnridge court', '602', 'southtown', 'carnegie hill', 'bakersfield', '(661) 127-5304', '0', '0'),
('8', '14', 'ethan clark', '828 badger street', '501', 'meadowvale', 'park slope', 'detroit', '(313) 240-6326', '0', '1'),
('9', '69', 'william wilson', '7400 burgett court', '1808', 'central park', 'midtown', 'carson city', '(775) 651-0271', '0', '0'),
('10', '29', 'benjamin king', '9134 wesley street', '602', 'seaside', 'greenwich', 'raleigh', '(919) 353-7533', '1', '1'),
('11', '48', 'william wilson', '8660 jolene place', '1505', 'central park', 'upper west side', 'memphis', '(901) 052-8979', '1', '0'),
('12', '74', 'ava robinson', '11907 tupelo terrace', '1808', 'woodland', 'harlem', 'indianapolis', '(317) 116-3522', '0', '1'),
('13', '46', 'jane smith', '6085 bonita drive', '102b', 'uptown', 'gramercy', 'dallas', '(214) 470-4306', '1', '1'),
('14', '38', 'sophia martinez', '12613 marnie terrace', '102b', 'lakeside', 'uptown', 'hartford', '(860) 678-0562', '1', '1'),
('15', '5', 'alexander harris', '2826 deskin lane', '1606d', 'brooklyn', 'uptown', 'chicago', '(312) 092-8732', '1', '1'),
('16', '53', 'ethan clark', '5626 norman run', '904-b', 'meadowvale', 'chinatown', 'san diego', '(619) 335-9165', '0', '1'),
('17', '3', 'daniel anderson', '1879 cheryl court', '803', 'riverbend', 'chelsea', 'paterson', '(973) 440-4358', '1', '0'),
('18', '22', 'ava robinson', '8969 daniel collins court', '904-b', 'woodland', 'nolita', 'el paso', '(915) 110-9099', '1', '1'),
('19', '75', 'michael davis', '12809 flaxmayer road', '1606d', 'northville', 'chinatown', 'anderson', '(765) 217-1960', '1', '0'),
('20', '17', 'benjamin king', '5864 garchinsky avenue', '501', 'seaside', 'little italy', 'el paso', '(915) 619-7010', '1', '0'),
('21', '35', 'alexander harris', '12727 garner path', '501', 'brooklyn', 'nolita', 'charlotte', '(704) 399-5269', '0', '1'),
('22', '6', 'michael davis', '8427 amy avenue', '7a', 'northville', 'gramercy', 'sacramento', '(916) 527-9969', '1', '0'),
('23', '63', 'michael davis', '1706 wittman place', '1808', 'northville', 'south side', 'saint paul', '(612) 727-7018', '1', '1'),
('24', '30', 'william wilson', '7822 mustart court', '1808', 'central park', 'bay area', 'saint paul', '(651) 346-4475', '1', '0'),
('25', '58', 'jessica miller', '7859 corsair court', '1303', 'southtown', 'soho', 'harrisburg', '(717) 297-8227', '1', '0'),
('26', '4', 'robert johnson', '11183 west schwartz blvd.', '404d', 'eastside', 'tribeca', 'new haven', '(203) 825-8340', '0', '0'),
('27', '18', 'jane smith', '3850 silver oak avenue', '404d', 'uptown', 'carnegie hill', 'springfield', '(937) 801-0382', '1', '0'),
('28', '45', 'james jackson', '2883 salmon way', '20a', 'hillcrest', 'chelsea', 'atlanta', '(770) 457-0392', '0', '0'),
('29', '66', 'robert johnson', '10634 pamona lane', '1505', 'eastside', 'south side', 'springfield', '(217) 539-2730', '1', '0'),
('30', '39', 'james jackson', '4839 east gaffney avenue', '12a', 'hillcrest', 'williamsburg', 'kansas city', '(816) 088-9070', '1', '0'),
('31', '88', 'alexander harris', '5830 lussier court', '1505', 'brooklyn', 'south side', 'san diego', '(619) 145-5417', '1', '0'),
('32', '33', 'michael davis', '7957 mansfield street', '501', 'northville', 'brooklyn heights', 'chula vista', '(619) 600-5706', '1', '0'),
('33', '2', 'mia lewis', '1918 manly place', 'a201', 'mapleton', 'upper west side', 'waterbury', '(203) 952-7851', '0', '1'),
('34', '36', 'olivia thomas', '911 smedley road', '102b', 'sunset heights', 'flatiron district', 'brooklyn', '(718) 860-7939', '1', '0'),
('35', '94', 'john doe', '2958 nehaul terrace', '303-c', 'downtown', 'upper west side', 'clearwater', '(727) 265-8752', '1', '0'),
('36', '41', 'ethan clark', '9491 chappells drive', '1303', 'meadowvale', 'bay area', 'san jose', '(408) 663-9279', '1', '0'),
('37', '93', 'robert johnson', '3608 cassandra court', '1505', 'eastside', 'midtown', 'alpharetta', '(678) 923-1504', '0', '1'),
('38', '95', 'ava robinson', '2122 trenton lane', '1404', 'woodland', 'uptown', 'little rock', '(501) 076-1243', '0', '1'),
('39', '25', 'amelia scott', '4758 heron court', '1404', 'old town', 'west end', 'new york city', '(212) 463-2593', '0', '1'),
('40', '77', 'james jackson', '408 coker court', '1102c', 'hillcrest', 'tribeca', 'lincoln', '(402) 135-3460', '0', '0'),
('41', '100', 'sophia martinez', '9787 egret court', 'a201', 'lakeside', 'upper west side', 'bellevue', '(425) 778-6876', '1', '0'),
('42', '7', 'amelia scott', '8773 hartford lane', '1102c', 'old town', 'upper east side', 'duluth', '(218) 300-0306', '0', '1'),
('43', '99', 'jane smith', '14391 bay meadows circle', '1303', 'uptown', 'financial district', 'spokane', '(509) 774-0048', '0', '0'),
('44', '84', 'william wilson', '7601 wellesly place', '1909', 'central park', 'upper east side', 'washington', '(703) 960-0036', '1', '0'),
('45', '55', 'isabella white', '8508 mount carmel terrace', '1404', 'greenwood', 'harlem', 'philadelphia', '(215) 204-6430', '0', '0'),
('46', '87', 'william wilson', '14553 mir place', '1001', 'central park', 'west end', 'des moines', '(515) 630-1115', '0', '0'),
('47', '72', 'benjamin king', '3018 pivanka avenue', '101', 'seaside', 'harlem', 'baltimore', '(410) 977-4661', '0', '1'),
('48', '61', 'isabella white', '11302 crystal court', '1505', 'greenwood', 'chelsea', 'denver', '(303) 305-2916', '1', '0'),
('49', '92', 'michael davis', '5310 velerst avenue', 'a201', 'northville', 'williamsburg', 'plano', '(972) 048-5390', '1', '0'),
('50', '37', 'jessica miller', '7159 orwell street', 'a201', 'southtown', 'south side', 'alhambra', '(626) 171-1080', '1', '1'),
('51', '68', 'john doe', '2623 detwiler lane', '602', 'downtown', 'upper east side', 'gilbert', '(602) 146-9861', '1', '1'),
('52', '54', 'olivia thomas', '13469 san felipe lane', '210b', 'sunset heights', 'downtown', 'texarkana', '(903) 635-2468', '1', '1'),
('53', '43', 'benjamin king', '784 avignon terrace', '1707', 'seaside', 'upper west side', 'rochester', '(585) 648-7943', '1', '0'),
('54', '28', 'jane smith', '474 velvet place', '1102c', 'uptown', 'midtown', 'des moines', '(515) 356-5094', '0', '0'),
('55', '81', 'william wilson', '13653 marvelwood loop', '102b', 'central park', 'greenwich', 'sacramento', '(916) 795-3247', '0', '1'),
('56', '44', 'jane smith', '10014 twig terrace', '7a', 'uptown', 'long island city', 'hampton', '(804) 905-6812', '0', '0'),
('57', '20', 'jane smith', '2737 tellfier terrace', '12a', 'uptown', 'gramercy', 'huntsville', '(936) 208-8774', '1', '0'),
('58', '67', 'charlotte walker', '5285 eduardo place', '1001', 'harborview', 'brooklyn heights', 'tampa', '(813) 994-3895', '0', '0'),
('59', '82', 'daniel anderson', '1753 osmara lane', '404d', 'riverbend', 'harlem', 'lexington', '(859) 156-5264', '1', '0'),
('60', '10', 'jessica miller', '1695 mantonya terrace', '101', 'southtown', 'harlem', 'woburn', '(339) 238-1766', '0', '1'),
('61', '79', 'michael davis', '14000 churchill downs', '1001', 'northville', 'soho', 'manchester', '(603) 986-9921', '1', '1'),
('62', '85', 'benjamin king', '13326 ortega way', '904-b', 'seaside', 'brooklyn heights', 'irving', '(214) 678-0134', '0', '0'),
('63', '96', 'jessica miller', '4591 tarrson blvd.', '102b', 'southtown', 'uptown', 'fayetteville', '(910) 367-6341', '1', '0'),
('64', '71', 'olivia thomas', '6461 gatsby lane', '7a', 'sunset heights', 'soho', 'washington', '(202) 677-4301', '0', '1'),
('65', '57', 'olivia thomas', '7070 corona avenue', '102b', 'sunset heights', 'harlem', 'bakersfield', '(661) 989-3276', '1', '1'),
('66', '64', 'sophia martinez', '8871 deskin lane', '1606d', 'lakeside', 'greenwich', 'akron', '(330) 179-2058', '0', '0'),
('67', '65', 'mia lewis', '13327 jemima avenue', '102b', 'mapleton', 'carnegie hill', 'jacksonville', '(904) 161-2842', '1', '1'),
('68', '11', 'olivia thomas', '8523 sumner loop', '1909', 'sunset heights', 'tribeca', 'huntington', '(304) 140-7450', '1', '0'),
('69', '80', 'michael davis', '3170 hans lane', '904-b', 'northville', 'south side', 'manassas', '(434) 893-4628', '0', '0'),
('70', '19', 'william wilson', '845 nestlebranch avenue', 'a201', 'central park', 'bay area', 'tampa', '(813) 740-0737', '1', '1'),
('71', '52', 'william wilson', '10184 fortnier street', '7a', 'central park', 'downtown', 'houston', '(832) 258-9060', '1', '0'),
('72', '78', 'michael davis', '3876 collins court', '501', 'northville', 'brooklyn heights', 'mountain view', '(650) 380-6975', '1', '1'),
('73', '16', 'emily brown', '8148 carlsbad court', '1808', 'west end', 'financial district', 'new york city', '(212) 031-2784', '0', '0'),
('74', '89', 'daniel anderson', '14935 segovia place', '501', 'riverbend', 'flatiron district', 'washington', '(202) 029-9004', '1', '0'),
('75', '47', 'benjamin king', '14044 mattson loop', '501', 'seaside', 'carnegie hill', 'salt lake city', '(435) 657-9141', '0', '1'),
('76', '50', 'olivia thomas', '4658 rainwood avenue', '1001', 'sunset heights', 'uptown', 'decatur', '(678) 190-9778', '0', '0'),
('77', '12', 'sophia martinez', '13100 richland road', '1001', 'lakeside', 'financial district', 'new haven', '(203) 597-8482', '0', '0'),
('78', '62', 'amelia scott', '1395 ware way', '1505', 'old town', 'soho', 'newport beach', '(714) 587-5421', '0', '1'),
('79', '32', 'isabella white', '9959 kiessel road', '803', 'greenwood', 'brooklyn heights', 'louisville', '(502) 512-3151', '0', '0'),
('80', '60', 'olivia thomas', '3335 st. george avenue', '1404', 'sunset heights', 'uptown', 'cape coral', '(239) 739-7130', '1', '1'),
('81', '21', 'daniel anderson', '13750 hilton head blvd.', '1001', 'riverbend', 'nolita', 'kansas city', '(816) 463-4998', '0', '0'),
('82', '24', 'ava robinson', '5041 keeneland place', '404d', 'woodland', 'brooklyn heights', 'arlington', '(214) 251-0444', '1', '1'),
('83', '13', 'jane smith', '2862 perdue place', '1808', 'uptown', 'little italy', 'arlington', '(571) 035-1691', '0', '1'),
('84', '9', 'mia lewis', '1401 flowersville place', '602', 'mapleton', 'midtown', 'san antonio', '(210) 595-4202', '1', '0'),
('85', '70', 'alexander harris', '6539 dalessandro road', '404d', 'brooklyn', 'soho', 'aurora', '(630) 509-1786', '0', '1'),
('86', '42', 'robert johnson', '6611 mcknight loop', '404d', 'eastside', 'bay area', 'texarkana', '(903) 113-0333', '0', '0'),
('87', '76', 'elijah perez', '3583 widmann place', '303-c', 'midtown', 'south side', 'sacramento', '(916) 918-6557', '0', '1'),
('88', '86', 'jane smith', '7969 long loop', '904-b', 'uptown', 'carnegie hill', 'augusta', '(706) 711-7209', '0', '1'),
('89', '59', 'jane smith', '12194 loyal way', '1001', 'uptown', 'bay area', 'madison', '(608) 650-9970', '1', '1'),
('90', '91', 'ava robinson', '13902 watson terrace', '1808', 'woodland', 'financial district', 'new york city', '(347) 134-7789', '1', '1'),
('91', '23', 'charlotte walker', '13520 euclid terrace', '1707', 'harborview', 'financial district', 'wichita', '(316) 149-1933', '0', '0'),
('92', '73', 'amelia scott', '5489 costa mesa drive', '1707', 'old town', 'upper west side', 'waterbury', '(203) 717-2330', '0', '0'),
('93', '27', 'ethan clark', '13650 chinook court', '404d', 'meadowvale', 'chinatown', 'washington', '(202) 049-4429', '1', '0'),
('94', '97', 'john doe', '1667 bentwood lane', '1707', 'downtown', 'financial district', 'des moines', '(515) 665-6915', '1', '0'),
('95', '1', 'daniel anderson', '4984 olenda drive', '1606d', 'riverbend', 'south side', 'frederick', '(240) 655-4240', '1', '1'),
('96', '15', 'robert johnson', '14712 bathurst court', '1606d', 'eastside', 'park slope', 'north las vegas', '(702) 779-5571', '1', '0'),
('97', '83', 'sophia martinez', '9762 gina place', '210b', 'lakeside', 'greenwich', 'lincoln', '(402) 335-1317', '1', '0'),
('98', '49', 'michael davis', '6372 rockville place', '12a', 'northville', 'greenwich', 'des moines', '(515) 699-0356', '0', '0'),
('99', '90', 'charlotte walker', '2941 gatehouse terrace', '1001', 'harborview', 'south side', 'san jose', '(408) 199-3481', '0', '0'),
('100', '40', 'benjamin king', '3263 castleberry circle', '904-b', 'seaside', 'east village', 'columbia', '(573) 600-5578', '1', '1');


insert into user_roles (user_id, role_id) values
('74', '1'),
('59', '2'),
('63', '3'),
('66', '3'),
('30', '1'),
('86', '2'),
('71', '1'),
('24', '2'),
('65', '3'),
('54', '2'),
('69', '3'),
('9', '1'),
('19', '3'),
('95', '1'),
('85', '2'),
('97', '3'),
('45', '1'),
('25', '2'),
('6', '3'),
('36', '1'),
('37', '2'),
('17', '2'),
('1', '3'),
('68', '1'),
('11', '3'),
('43', '1'),
('44', '2'),
('76', '2'),
('31', '3'),
('53', '1'),
('90', '3'),
('58', '1'),
('77', '2'),
('5', '2'),
('41', '3'),
('99', '1'),
('82', '2'),
('96', '3'),
('3', '1'),
('100', '3'),
('22', '1'),
('20', '2'),
('70', '1'),
('62', '2'),
('46', '3'),
('8', '3'),
('87', '1'),
('16', '2'),
('49', '2'),
('10', '3'),
('83', '1'),
('13', '3'),
('84', '1'),
('78', '2'),
('89', '1'),
('67', '2'),
('14', '3'),
('81', '3'),
('23', '1'),
('94', '2'),
('93', '1'),
('72', '2'),
('7', '3'),
('21', '2'),
('88', '3'),
('50', '1'),
('51', '1'),
('15', '2'),
('64', '3'),
('35', '1'),
('98', '2'),
('60', '3'),
('61', '2'),
('34', '3'),
('39', '1'),
('48', '3'),
('12', '1'),
('32', '2'),
('55', '1'),
('18', '2'),
('29', '3'),
('28', '2'),
('79', '3'),
('73', '1'),
('27', '3'),
('75', '1'),
('42', '2'),
('47', '2'),
('52', '3'),
('92', '1'),
('91', '3'),
('2', '1'),
('57', '2'),
('4', '3'),
('80', '1'),
('38', '2'),
('56', '1'),
('40', '2'),
('33', '3'),
('26', '3');


insert into users (id, full_name, email, phone_number, password, created_at, updated_at) values
('33', 'stephanie larne', 'stephanie.larne@hotmail.com', '0113822128', '8*4$b2x*h#', '2024-02-20 12:46:23', '2024-02-21 10:35:30'),
('49', 'ruth lawn', 'ruth.lawn@gmail.com', '0152879521', 'w*i!1!!!!xs!!$0', '2024-02-20 14:08:17', '2024-02-28 23:14:19'),
('84', 'phyllis housiaux', 'phyllis.housiaux@yahoo.com', '0203469933', 'p!8eg*7g#!u*', '2024-02-20 17:36:12', '2024-02-26 20:03:03'),
('80', 'jerrylee crake', 'jerrylee.crake@yahoo.com', '0516923070', 'h*&&d!tg!!7y*6q', '2024-02-20 17:17:35', '2024-03-01 14:41:04'),
('92', 'daren penwright', 'daren.penwright@gmail.com', '0551637804', '!%9!*#gi!e!%*', '2024-02-20 18:21:28', '2024-02-21 02:26:49'),
('8', 'estele devas', 'estele.devas@yahoo.com', '0595452763', '!u!k$&x!j*!!', '2024-02-20 10:27:53', '2024-03-01 08:22:15'),
('38', 'dimitri wandless', 'dimitri.wandless@hotmail.co.uk', '0601625172', '%m!8&!u!d*9%6&', '2024-02-20 13:08:52', '2024-02-21 15:43:41'),
('63', 'morganne bogges', 'morganne.bogges@yahoo.com', '0640151845', '!!!v4wq!xt8a!k!', '2024-02-20 15:28:34', '2024-02-29 16:32:34'),
('86', 'dominica ryhorovich', 'dominica.ryhorovich@hotmail.com', '0660786920', '!k*h&742yne!', '2024-02-20 17:48:23', '2024-02-24 19:24:50'),
('73', 'pier prudence', 'pier.prudence@yahoo.com', '0826450022', 'x1t*$!!&', '2024-02-20 16:31:55', '2024-02-22 10:12:28'),
('59', 'findlay hatje', 'findlay.hatje@gmail.com', '1010136706', '$q!*&**tl@*', '2024-02-20 15:04:32', '2024-02-25 23:05:25'),
('17', 'tarrah tippell', 'tarrah.tippell@yahoo.com', '1022455990', '!#*!v!!#*!m*1', '2024-02-20 10:56:19', '2024-02-22 09:32:17'),
('74', 'brittney scobbie', 'brittney.scobbie@uol.com.br', '1091795100', 'gc*%v!h!j2', '2024-02-20 16:34:44', '2024-02-22 16:10:54'),
('29', 'randy riley', 'randy.riley@yahoo.com', '1155011089', '**o$i!9e!$by***', '2024-02-20 12:18:42', '2024-02-20 14:29:41'),
('100', 'amil lucio', 'amil.lucio@yahoo.com', '1186422548', '!c!!!!1a!', '2024-02-20 19:06:17', '2024-02-25 22:52:04'),
('16', 'vincent linnell', 'vincent.linnell@gmail.com', '1217379866', '&#f**%$*!!', '2024-02-20 10:55:04', '2024-02-24 03:10:55'),
('14', 'evvy d''agostini', 'evvy.dagostini@hotmail.com', '1287579152', 'p**#b**!*lg10', '2024-02-20 10:49:42', '2024-02-27 08:29:57'),
('64', 'cristionna gooke', 'cristionna.gooke@free.fr', '1287920557', '$#90om!!1fw!j', '2024-02-20 15:37:46', '2024-02-29 16:41:59'),
('45', 'liza hallen', 'liza.hallen@msn.com', '1306945291', 'hp!kd*dw9o', '2024-02-20 13:54:02', '2024-02-24 01:43:39'),
('88', 'elfreda bernier', 'elfreda.bernier@gmail.com', '1419142171', 'c20*%!*d', '2024-02-20 18:02:16', '2024-02-25 05:59:10'),
('47', 'rhetta halliberton', 'rhetta.halliberton@orange.fr', '1460208565', '2h$i*x!5&', '2024-02-20 14:02:47', '2024-02-21 05:36:20'),
('37', 'anneliese blas', 'anneliese.blas@aol.com', '1514597788', '*!jm&c$6n!r#', '2024-02-20 12:59:28', '2024-02-25 16:41:48'),
('76', 'frazer tenman', 'frazer.tenman@hotmail.com', '1657104819', '*aph$$m***1q!bi', '2024-02-20 16:48:01', '2024-02-22 15:06:59'),
('2', 'friedrich cawston', 'friedrich.cawston@yahoo.co.in', '1774670207', '4w5!5***nk', '2024-02-20 09:53:44', '2024-02-25 07:46:14'),
('78', 'pall iohananof', 'pall.iohananof@hotmail.fr', '1817174098', '%vx*!!9&*!mr5', '2024-02-20 17:04:47', '2024-02-28 05:21:40'),
('48', 'chip upston', 'chip.upston@yahoo.com', '2214367189', '$!!0s!!*$i!', '2024-02-20 14:06:01', '2024-03-01 05:34:45'),
('71', 'niccolo tuerena', 'niccolo.tuerena@hotmail.co.uk', '2423384492', '*!8%i!$$#!!d*', '2024-02-20 16:18:41', '2024-02-24 01:04:03'),
('61', 'pepe fendley', 'pepe.fendley@hotmail.com', '2567412157', '**r$*!lm*6%!!x', '2024-02-20 15:14:13', '2024-02-26 05:07:17'),
('41', 'kelley moakes', 'kelley.moakes@hotmail.com', '2649972807', '*&ja5b!aw!2$$1', '2024-02-20 13:27:12', '2024-02-24 07:31:18'),
('79', 'obediah mcghie', 'obediah.mcghie@hotmail.com', '2789195609', 'xans&*##i$#o!', '2024-02-20 17:10:36', '2024-02-29 14:53:03'),
('66', 'lolita mahmood', 'lolita.mahmood@hotmail.fr', '2969588342', 'f*&aufgq!&g', '2024-02-20 15:45:21', '2024-02-25 07:49:53'),
('89', 'alix hathwood', 'alix.hathwood@yahoo.com', '3201223530', 'j%g&xo*3*z*6a', '2024-02-20 18:11:49', '2024-02-29 17:38:43'),
('82', 'morissa plumstead', 'morissa.plumstead@hotmail.com', '3244750110', '!!v!#m6da*', '2024-02-20 17:27:13', '2024-02-28 19:20:27'),
('42', 'marie vlasin', 'marie.vlasin@hotmail.com', '3299394748', 'u*!nq!*q%', '2024-02-20 13:33:35', '2024-02-24 08:48:52'),
('52', 'karee jantel', 'karee.jantel@gmail.com', '3345850113', '!6!!!*%$1!n', '2024-02-20 14:22:29', '2024-02-22 22:31:51'),
('22', 'bryn mccanny', 'bryn.mccanny@yahoo.com', '3459290210', '#**i03o!9xe', '2024-02-20 11:33:02', '2024-02-27 12:25:07'),
('44', 'justus braysher', 'justus.braysher@gmail.com', '3608385036', 'k5!*!*z2e', '2024-02-20 13:46:59', '2024-02-22 11:56:42'),
('51', 'gina tabram', 'gina.tabram@googlemail.com', '3859028677', '!**&!7%49', '2024-02-20 14:20:35', '2024-02-29 18:39:51'),
('23', 'codi greenshields', 'codi.greenshields@yahoo.com', '3885997269', '*#20$!*68!hq', '2024-02-20 11:37:59', '2024-02-26 22:25:11'),
('68', 'judon elks', 'judon.elks@hotmail.com', '3903062720', '%p54!*fs$7!do', '2024-02-20 16:02:25', '2024-02-22 01:12:34'),
('69', 'josefa jeckell', 'josefa.jeckell@orange.fr', '3923784858', '*7!!*#u%$!0*6!$l', '2024-02-20 16:11:04', '2024-02-29 09:00:55'),
('11', 'claudelle pretley', 'claudelle.pretley@live.fr', '4040320334', '*t*!vro%k%gb1', '2024-02-20 10:35:44', '2024-02-24 10:18:40'),
('12', 'stesha alcott', 'stesha.alcott@hotmail.com', '4056877657', '$*p*2n&&n', '2024-02-20 10:37:26', '2024-02-29 08:16:46'),
('90', 'alessandra antognozzii', 'alessandra.antognozzii@yahoo.com', '4189321610', '!$n!*96s$s3r!#', '2024-02-20 18:14:46', '2024-02-27 21:21:05'),
('56', 'pascale southway', 'pascale.southway@comcast.net', '4263336921', '&9*&9ze4g%!3!*5', '2024-02-20 14:44:25', '2024-02-27 06:35:55'),
('35', 'jonell echelle', 'jonell.echelle@laposte.net', '4266982803', 'w%$$b*l!*y!#x*&', '2024-02-20 12:55:59', '2024-02-22 07:30:54'),
('99', 'kip binham', 'kip.binham@yahoo.fr', '4579258675', '!$$#!x*!%k', '2024-02-20 19:01:06', '2024-02-24 03:54:05'),
('15', 'guntar weldrake', 'guntar.weldrake@hotmail.com', '4649724202', '7fd*9*03*lh*b9*', '2024-02-20 10:53:28', '2024-02-21 16:29:04'),
('32', 'kamilah walkden', 'kamilah.walkden@hotmail.com', '4661893994', 'zl*#&*!*!8', '2024-02-20 12:40:00', '2024-02-22 03:05:21'),
('3', 'mordecai pelzer', 'mordecai.pelzer@yahoo.com', '4843804736', 'u90*!jzd3*2!', '2024-02-20 09:55:25', '2024-02-27 13:29:48'),
('21', 'verne learmount', 'verne.learmount@gmail.com', '5209817798', '$#!**nv*!e!!$3m', '2024-02-20 11:27:06', '2024-02-27 03:07:00'),
('34', 'gusti arp', 'gusti.arp@web.de', '5227550568', '!cgpj6*09', '2024-02-20 12:51:24', '2024-02-21 05:18:09'),
('98', 'cecily poston', 'cecily.poston@gmail.com', '5250944875', 'z!0&d!1$t3*', '2024-02-20 18:52:29', '2024-02-25 19:55:11'),
('81', 'blithe nattriss', 'blithe.nattriss@hotmail.co.uk', '5360818442', 'gr!**0hl', '2024-02-20 17:22:01', '2024-02-26 13:40:13'),
('95', 'gabrielle sleith', 'gabrielle.sleith@bol.com.br', '5405558913', '6a1a%*!*', '2024-02-20 18:38:08', '2024-02-28 04:19:19'),
('60', 'jillana fritschel', 'jillana.fritschel@gmail.com', '5413206883', '*i&0*zspl', '2024-02-20 15:12:20', '2024-02-25 00:55:29'),
('72', 'genna ferronet', 'genna.ferronet@yahoo.com', '5413489111', '!8**shifn2*', '2024-02-20 16:26:17', '2024-02-28 22:23:46'),
('65', 'dana rawcliffe', 'dana.rawcliffe@hotmail.co.uk', '5489773126', 'k$l3k!v&*!', '2024-02-20 15:40:42', '2024-02-21 01:50:41'),
('26', 'suzette danniel', 'suzette.danniel@hotmail.com', '5689290652', '#u#!1&p!f%', '2024-02-20 12:02:04', '2024-02-21 04:22:32'),
('28', 'umberto wand', 'umberto.wand@yahoo.com', '5801094711', 'a!%4nyo#', '2024-02-20 12:12:12', '2024-02-27 18:22:00'),
('96', 'erroll lumbly', 'erroll.lumbly@hotmail.com', '5840089995', '7*q!1&q8***4s*', '2024-02-20 18:46:10', '2024-02-28 05:16:25'),
('54', 'tiebold littleton', 'tiebold.littleton@hotmail.fr', '6003977033', '#d*$*#4!!&', '2024-02-20 14:33:59', '2024-02-22 16:32:24'),
('7', 'costa mcgillivrie', 'costa.mcgillivrie@gmail.com', '6054169664', 'i!#%37*!*z!**', '2024-02-20 10:24:10', '2024-02-28 13:06:01'),
('31', 'kiah dunham', 'kiah.dunham@mail.ru', '6075627180', 'j!!$t!eo%8k!*', '2024-02-20 12:32:19', '2024-02-21 03:13:03'),
('39', 'delainey martinez', 'delainey.martinez@yahoo.com', '6213694059', '%p&qsx!b9%b!ce', '2024-02-20 13:15:54', '2024-02-28 19:46:08'),
('75', 'deidre de laspee', 'deidre.delaspee@bol.com.br', '6575621109', 'ke$$$q*1!#', '2024-02-20 16:40:02', '2024-02-21 05:49:52'),
('5', 'allx brekonridge', 'allx.brekonridge@yahoo.com', '6713177037', '!8x!ql@!&$', '2024-02-20 10:11:50', '2024-02-29 19:24:20'),
('46', 'sonnie gaudin', 'sonnie.gaudin@hotmail.com', '6743528790', '6&e2%ak!!%@', '2024-02-20 13:58:22', '2024-02-23 09:36:19'),
('93', 'peterus filinkov', 'peterus.filinkov@yahoo.com', '6833497296', '**o*$i2$!!!n', '2024-02-20 18:24:31', '2024-02-22 21:03:02'),
('30', 'winn schreurs', 'winn.schreurs@hotmail.com', '6867613151', 'x3*1$*!4*', '2024-02-20 12:25:01', '2024-03-01 01:56:22'),
('27', 'roselin hanrahan', 'roselin.hanrahan@verizon.net', '6912901099', '7salrqic!om&$', '2024-02-20 12:09:17', '2024-02-24 19:40:39'),
('4', 'ellene edon', 'ellene.edon@yahoo.com', '7178551305', 'zl*y7g%vi*&', '2024-02-20 10:04:20', '2024-02-29 07:09:41'),
('83', 'shannah jevons', 'shannah.jevons@free.fr', '7293195851', '*dd9!*on', '2024-02-20 17:34:11', '2024-02-22 01:35:46'),
('6', 'alex gertz', 'alex.gertz@gmail.com', '7327458190', '!*b!v3*!*3!zk', '2024-02-20 10:14:20', '2024-02-26 06:34:35'),
('85', 'kala grouer', 'kala.grouer@hotmail.fr', '7502854698', 'w*!1y!*fz', '2024-02-20 17:39:53', '2024-02-25 11:27:08'),
('20', 'tana laydel', 'tana.laydel@charter.net', '7570823986', 'j8g42c9u1', '2024-02-20 11:18:51', '2024-02-23 15:43:47'),
('36', 'kynthia handford', 'kynthia.handford@yahoo.com', '7622892336', 'yy4*4&!&', '2024-02-20 12:57:30', '2024-02-23 00:35:49'),
('70', 'benetta brettell', 'benetta.brettell@yahoo.de', '7837802973', '%t*4jb!um*!*', '2024-02-20 16:17:09', '2024-02-23 14:41:06'),
('13', 'celisse bogeys', 'celisse.bogeys@hotmail.com', '7857643831', '*0!#5*!*!c*gg0vw', '2024-02-20 10:42:10', '2024-02-24 19:57:53'),
('9', 'tiertza illem', 'tiertza.illem@hotmail.com', '8143030604', '!m!2a**&&%h!2!**', '2024-02-20 10:31:35', '2024-02-22 02:47:32'),
('18', 'margy verrill', 'margy.verrill@wanadoo.fr', '8199323256', '*w**s!k!cu53!#', '2024-02-20 11:05:43', '2024-02-21 13:46:46'),
('77', 'kandy iddens', 'kandy.iddens@gmail.com', '8235322163', 'a5g!*$c$5%', '2024-02-20 16:57:33', '2024-02-28 16:12:22'),
('62', 'aile phelit', 'aile.phelit@hotmail.com', '8305158755', '6!2q*!!b#!0', '2024-02-20 15:21:20', '2024-02-26 16:02:50'),
('55', 'lyndy pyser', 'lyndy.pyser@yahoo.com', '8316166192', '%md*9!!4*x**', '2024-02-20 14:37:26', '2024-02-25 15:25:36'),
('10', 'cory barenski', 'cory.barenski@hotmail.com', '8557559738', '32!srd!#g!hv%!&', '2024-02-20 10:32:58', '2024-02-20 14:45:41'),
('43', 'dayna tobin', 'dayna.tobin@gmail.com', '8609020446', '%%muhul#', '2024-02-20 13:41:11', '2024-02-29 22:06:13'),
('94', 'garald rawdales', 'garald.rawdales@gmail.com', '8645758080', 'o6w%$3!o&!u*&944', '2024-02-20 18:32:39', '2024-02-21 18:39:03'),
('57', 'martelle playle', 'martelle.playle@gmail.com', '8930808731', '@bi*%!5zz7#*', '2024-02-20 14:47:32', '2024-02-22 23:41:14'),
('1', 'taryn wandrack', 'taryn.wandrack@yahoo.ca', '8939538431', '!*h*!xxy', '2024-02-20 09:43:57', '2024-02-24 15:00:52'),
('50', 'analise stare', 'analise.stare@yahoo.com', '8956616458', '*s!sc9fts#n', '2024-02-20 14:13:16', '2024-02-27 07:53:41'),
('91', 'gabriellia fosberry', 'gabriellia.fosberry@gmail.com', '8969916368', '%dw4%*$f61$h#', '2024-02-20 18:16:45', '2024-02-26 13:11:26'),
('87', 'cathryn fernan', 'cathryn.fernan@hotmail.com', '9052229034', '**x*py*k5%od', '2024-02-20 17:54:47', '2024-02-25 20:28:28'),
('19', 'matias iwanowicz', 'matias.iwanowicz@yahoo.com.br', '9061256842', 'q75%!$!%', '2024-02-20 11:10:03', '2024-02-21 13:08:40'),
('97', 'drucy pechet', 'drucy.pechet@msn.com', '9089696270', 'xkrp9!!o9va*%*f%', '2024-02-20 18:51:12', '2024-02-26 11:47:50'),
('58', 'antons verlander', 'antons.verlander@yahoo.com', '9202325403', '!ubazf3*x!5*%', '2024-02-20 14:54:42', '2024-02-28 22:27:28'),
('24', 'felicia meritt', 'felicia.meritt@yahoo.ca', '9261475493', '!szup4r5&v50', '2024-02-20 11:44:01', '2024-02-22 06:07:55'),
('40', 'pattin carn', 'pattin.carn@yahoo.fr', '9333584498', 'bn&*99w!qn5c', '2024-02-20 13:21:17', '2024-02-26 13:34:43'),
('25', 'findlay colbeck', 'findlay.colbeck@hotmail.com', '9607650902', 'e&*$y!!9', '2024-02-20 11:53:23', '2024-02-24 17:18:26'),
('67', 'shoshanna marham', 'shoshanna.marham@hotmail.fr', '9860672746', '*#xe!*y3h', '2024-02-20 15:53:56', '2024-03-01 00:21:13'),
('53', 'ardeen heathwood', 'ardeen.heathwood@gmail.com', '9918272404', 'svmx$!p&w*!&#s', '2024-02-20 14:24:43', '2024-02-21 10:27:33');


set foreign_key_checks = 1;
